"taxon","diff_VMNI.durante.el.ingresoNo","diff_VMNI.durante.el.ingresoSí","p_VMNI.durante.el.ingresoNo","p_VMNI.durante.el.ingresoSí","q_VMNI.durante.el.ingresoNo","q_VMNI.durante.el.ingresoSí","lfc_VMNI.durante.el.ingresoNo","lfc_VMNI.durante.el.ingresoSí"
"Unassigned",FALSE,FALSE,0.837007156915606,0.474194901206196,0.87476687828022,0.63993292492875,-0.0497540944337444,-0.356421877567472
"Bacteria",FALSE,TRUE,0.0919037407510133,0.0073785884596716,0.193554847945316,0.0244196141879608,0.377802692171197,-1.1920006095722
"Bacteria|Actinobacteriota|Actinobacteria|Actinomycetales|Actinomycetaceae|Actinomyces",FALSE,FALSE,0.282202461305643,0.0472002419279269,0.421786474424563,0.111146765264242,-0.277361575993781,-1.05448474717719
"Bacteria|Actinobacteriota|Actinobacteria|Bifidobacteriales|Bifidobacteriaceae|Alloscardovia",TRUE,TRUE,4.79750335850357e-05,0.00299824811368499,0.000350975245701051,0.012628984478855,1.08870981638385,-1.43834209119209
"Bacteria|Actinobacteriota|Actinobacteria|Bifidobacteriales|Bifidobacteriaceae|Bifidobacterium",TRUE,FALSE,0.00722246344227205,0.243265448603591,0.0233470329878097,0.407396353685531,0.937551929365204,0.628646516009224
"Bacteria|Actinobacteriota|Actinobacteria|Bifidobacteriales|Bifidobacteriaceae|Scardovia",FALSE,FALSE,0.270633117835021,0.135384668536052,0.408891341076825,0.250912919020149,0.244881968717938,-0.791258744781152
"Bacteria|Actinobacteriota|Actinobacteria|Corynebacteriales|Corynebacteriaceae|Corynebacterium",FALSE,FALSE,0.0265955447103393,0.331956517285206,0.067353345947769,0.518448942726332,-0.586402547672851,-0.502592009155174
"Bacteria|Actinobacteriota|Actinobacteria|Micrococcales|Micrococcaceae|Rothia",FALSE,FALSE,0.106403830584275,0.610872961009466,0.208311724664988,0.722033441803385,0.35695744610669,0.252708185061622
"Bacteria|Actinobacteriota|Actinobacteria|Propionibacteriales|Propionibacteriaceae|Cutibacterium",TRUE,TRUE,0.00175358583758156,0.000345371094006831,0.00658779544388749,0.0028239165921735,-0.699272010237019,-1.89810576023647
"Bacteria|Actinobacteriota|Coriobacteriia|Coriobacteriales|Atopobiaceae|Atopobium",TRUE,TRUE,0.00111928185070547,0.00190801232355131,0.00444514792137313,0.00855528106366553,-0.769173383128831,-1.52521237928331
"Bacteria|Actinobacteriota|Coriobacteriia|Coriobacteriales|Atopobiaceae|Olsenella",TRUE,TRUE,0.000131638888098705,5.41177367995328e-05,0.000788369753797855,0.000752236541513506,-0.892119533300066,-1.96918372909393
"Bacteria|Actinobacteriota|Coriobacteriia|Coriobacteriales|Coriobacteriaceae|Collinsella",TRUE,FALSE,0.00995842856063135,0.932215871573149,0.0294515227644204,0.989145085104334,0.735978168004752,-0.0571971664755137
"Bacteria|Actinobacteriota|Coriobacteriia|Coriobacteriales|Coriobacteriales_Incertae_Sedis",FALSE,FALSE,0.778540461644854,0.0594038578753446,0.838892435415773,0.129017753823014,0.0610978457957748,0.861283243472758
"Bacteria|Actinobacteriota|Coriobacteriia|Coriobacteriales|Coriobacteriales_Incertae_Sedis|Raoultibacter",FALSE,FALSE,0.52700783790881,0.0605118488110383,0.672055866691051,0.129402261303605,-0.127649290625607,0.875227871255218
"Bacteria|Actinobacteriota|Coriobacteriia|Coriobacteriales|Eggerthellaceae",TRUE,FALSE,0.00076064625388841,0.994237951513981,0.00330405716532778,1,0.801185282658864,-0.00321748884608098
"Bacteria|Actinobacteriota|Coriobacteriia|Coriobacteriales|Eggerthellaceae|Eggerthella",TRUE,FALSE,0.0001017344441536,0.0479770209773705,0.000642776715334107,0.111146765264242,1.08111533654949,-0.942100698343192
"Bacteria|Actinobacteriota|Coriobacteriia|Coriobacteriales|Eggerthellaceae|Enterorhabdus",FALSE,FALSE,0.725415123089919,0.0513550858868492,0.813166952495958,0.116110114319542,0.0713983709787308,-0.93348258473744
"Bacteria|Actinobacteriota|Coriobacteriia|Coriobacteriales|Eggerthellaceae|Gordonibacter",FALSE,FALSE,0.495600588896865,0.556395132314471,0.656080779587278,0.684415251254084,0.132987241343641,0.263016667161937
"Bacteria|Actinobacteriota|Coriobacteriia|Coriobacteriales|Eggerthellaceae|Senegalimassilia",FALSE,TRUE,0.392751090152604,0.0119439443578044,0.54592401531212,0.0333285323163675,-0.177209947160549,-1.22391170357772
"Bacteria|Actinobacteriota|Coriobacteriia|Coriobacteriales|Eggerthellaceae|Slackia",FALSE,FALSE,0.0266506045117072,0.839780287543742,0.067353345947769,0.927943789553935,-0.454854529801542,0.107492797906306
"Bacteria|Bacteroidota|Bacteroidia",TRUE,FALSE,1.47812723186093e-12,1,2.05459685228669e-10,1,2.08032556971111,0
"Bacteria|Bacteroidota|Bacteroidia|Bacteroidales|Bacteroidaceae|Bacteroides",FALSE,FALSE,0.153731798941987,0.338709420002196,0.274205469991398,0.523117882003391,0.548234321582361,-0.703898244565988
"Bacteria|Bacteroidota|Bacteroidia|Bacteroidales|Barnesiellaceae",TRUE,FALSE,2.06548526810199e-05,1,0.000168883795450692,1,1.05157176854896,0
"Bacteria|Bacteroidota|Bacteroidia|Bacteroidales|Barnesiellaceae|Barnesiella",TRUE,FALSE,5.51528929404098e-06,0.0409577125335081,5.47589437051211e-05,0.0998793340729409,1.20814746415687,-0.913545083505678
"Bacteria|Bacteroidota|Bacteroidia|Bacteroidales|Barnesiellaceae|Coprobacter",TRUE,TRUE,0.000176673528878338,0.00108305340746157,0.000982304820563561,0.00602177694548632,0.880399179393151,-1.54264179356776
"Bacteria|Bacteroidota|Bacteroidia|Bacteroidales|Marinifilaceae|Butyricimonas",FALSE,FALSE,0.105076604399337,0.536897025638943,0.208311724664988,0.684415251254084,0.401350940025948,-0.292537010939751
"Bacteria|Bacteroidota|Bacteroidia|Bacteroidales|Marinifilaceae|Odoribacter",TRUE,FALSE,0.000977546792814529,0.0636743130032575,0.00411754558185514,0.133784709853674,0.797262914745278,-0.901014766655422
"Bacteria|Bacteroidota|Bacteroidia|Bacteroidales|Prevotellaceae",TRUE,TRUE,0.00417476826818552,0.00363291367060753,0.0141534826653119,0.0148522058886602,-0.630396629334795,1.82228465628
"Bacteria|Bacteroidota|Bacteroidia|Bacteroidales|Prevotellaceae|Paraprevotella",TRUE,TRUE,0.00778477643390643,0.00132346313087792,0.024592816461659,0.00652693821681433,0.693583847554122,-1.63737378175949
"Bacteria|Bacteroidota|Bacteroidia|Bacteroidales|Prevotellaceae|Prevotella",FALSE,FALSE,0.21942776294516,0.169389456880227,0.358828929992673,0.298039677295589,-0.267754571374268,-0.787118455649441
"Bacteria|Bacteroidota|Bacteroidia|Bacteroidales|Prevotellaceae|Prevotella_9",TRUE,TRUE,1.10865258370894e-10,1.40175689336912e-07,7.70513545677714e-09,9.74221040891536e-06,2.57163097913601,4.29416317839272
"Bacteria|Bacteroidota|Bacteroidia|Bacteroidales|Rikenellaceae|Alistipes",FALSE,FALSE,0.184052452659459,0.529454915836801,0.311991352678839,0.683098766556866,0.506677972765785,0.407390470917433
"Bacteria|Bacteroidota|Bacteroidia|Bacteroidales|Tannerellaceae",FALSE,FALSE,0.694854158272067,0.413726931216306,0.791678098359158,0.590092384082545,-0.0800094631050333,0.38687097093975
"Bacteria|Bacteroidota|Bacteroidia|Bacteroidales|Tannerellaceae|Parabacteroides",FALSE,FALSE,0.0405230243873563,0.162647079705218,0.0957011525989979,0.293609663363965,0.662075477910906,-0.885051329356595
"Bacteria|Bacteroidota|Bacteroidia|Bacteroidales|Tannerellaceae|Tannerellaceae",TRUE,FALSE,0.0145577369108343,0.0526254474973464,0.0389139505885764,0.116110114319542,0.83054507367891,-1.00475341103388
"Bacteria|Desulfobacterota|Desulfovibrionia|Desulfovibrionales|Desulfovibrionaceae",FALSE,TRUE,0.863272063089729,0.000487868245850931,0.88700209622038,0.00326370928237425,0.0354426394952435,-1.70544342051328
"Bacteria|Desulfobacterota|Desulfovibrionia|Desulfovibrionales|Desulfovibrionaceae|Bilophila",TRUE,FALSE,0.0106904341038286,0.51334911575509,0.0299528689221748,0.67316534990526,0.565205514185131,-0.308368636048118
"Bacteria|Desulfobacterota|Desulfovibrionia|Desulfovibrionales|Desulfovibrionaceae|Desulfovibrio",TRUE,FALSE,0.0105462872396319,0.155710647530724,0.0299528689221748,0.284786579036455,-0.570278064729875,-0.684180854067293
"Bacteria|Firmicutes",FALSE,FALSE,0.516037656040574,0.950879569818945,0.669439493025644,1,0.126458425181628,0.0281589249262146
"Bacteria|Firmicutes|Bacilli|Erysipelotrichales|Erysipelatoclostridiaceae|Catenibacterium",TRUE,FALSE,5.85143662767828e-05,0.806467289406922,0.00040667484562364,0.904023816351308,1.01867302993826,0.126271494030326
"Bacteria|Firmicutes|Bacilli|Erysipelotrichales|Erysipelatoclostridiaceae|Coprobacillus",FALSE,TRUE,0.0278980061505251,5.33234312973807e-06,0.0692468366950534,0.000200854488779213,0.487032757503238,2.42028556248938
"Bacteria|Firmicutes|Bacilli|Erysipelotrichales|Erysipelatoclostridiaceae|Erysipelatoclostridium",FALSE,FALSE,0.862521399530155,0.466652288471151,0.88700209622038,0.635928118602843,-0.0500259755263493,0.38099682937084
"Bacteria|Firmicutes|Bacilli|Erysipelotrichales|Erysipelatoclostridiaceae|Erysipelotrichaceae_UCG-003",FALSE,FALSE,0.92022744781783,0.50926037323416,0.933107829214985,0.67316534990526,-0.0230241048117538,0.351812488435374
"Bacteria|Firmicutes|Bacilli|Erysipelotrichales|Erysipelotrichaceae",FALSE,TRUE,0.504517813040443,0.000835784030471748,0.661584679364354,0.00505104261893795,-0.156830333109852,1.63926113375436
"Bacteria|Firmicutes|Bacilli|Erysipelotrichales|Erysipelotrichaceae|Clostridium_innocuum_group",FALSE,FALSE,0.155802491246937,0.404075000894284,0.274205469991398,0.590092384082545,0.467769451860391,-0.584175463198225
"Bacteria|Firmicutes|Bacilli|Erysipelotrichales|Erysipelotrichaceae|Dielma",TRUE,TRUE,0.00147856980826754,0.00394089501678598,0.00570892231525523,0.0156509830666643,0.719958959222636,-1.37767199863683
"Bacteria|Firmicutes|Bacilli|Erysipelotrichales|Erysipelotrichaceae|Faecalitalea",FALSE,FALSE,0.0609504315738085,0.465213730010958,0.136646935302571,0.635928118602843,-0.442591843053723,0.336768115774067
"Bacteria|Firmicutes|Bacilli|Erysipelotrichales|Erysipelotrichaceae|Holdemanella",TRUE,FALSE,0.000392370556701798,0.392501317082994,0.00188067266832931,0.586641753489637,1.14292413175064,0.557856102831299
"Bacteria|Firmicutes|Bacilli|Erysipelotrichales|Erysipelotrichaceae|Holdemania",TRUE,TRUE,1.77296098470487e-09,0.00100286433075463,8.21471922913255e-08,0.00580825591562055,1.75530482362815,-1.53932612570839
"Bacteria|Firmicutes|Bacilli|Erysipelotrichales|Erysipelotrichaceae|Merdibacter",FALSE,FALSE,0.666877762061543,0.0644861551093251,0.779476942311264,0.133784709853674,0.0987864253399833,0.852185043618022
"Bacteria|Firmicutes|Bacilli|Erysipelotrichales|Erysipelotrichaceae|Solobacterium",FALSE,TRUE,0.0498981434147239,9.83549993939652e-06,0.115597365577444,0.000227855748596019,-0.433283149683131,3.17527459322119
"Bacteria|Firmicutes|Bacilli|Erysipelotrichales|Erysipelotrichaceae|Turicibacter",FALSE,FALSE,0.332044794801902,0.547888130596866,0.480773192473588,0.684415251254084,-0.202755429317565,0.303916711939521
"Bacteria|Firmicutes|Bacilli|Lactobacillales|Enterococcaceae|Enterococcus",FALSE,TRUE,0.786964025695563,1.23205353311922e-05,0.84144615055141,0.000244650630147959,0.122250534730608,-3.31427471892928
"Bacteria|Firmicutes|Bacilli|Lactobacillales|Lactobacillaceae|Lacticaseibacillus",FALSE,TRUE,0.773299740778962,0.00577761029631263,0.838892435415773,0.0211338902944067,-0.09390440515717,-1.75673501594212
"Bacteria|Firmicutes|Bacilli|Lactobacillales|Lactobacillaceae|Lactobacillus",TRUE,FALSE,0.000136121396339198,0.293860593254747,0.000788369753797855,0.469501407613906,1.35972270002964,-0.721810882655782
"Bacteria|Firmicutes|Bacilli|Lactobacillales|Lactobacillaceae|Leuconostoc",TRUE,TRUE,0.00208875650659131,0.00798475938517574,0.00744454242092801,0.0258111989427774,0.691545588702416,1.57085007724684
"Bacteria|Firmicutes|Bacilli|Lactobacillales|Lactobacillaceae|Ligilactobacillus",FALSE,TRUE,0.157489362465946,0.000482139404735057,0.274205469991398,0.00326370928237425,-0.316727248873382,-1.84534210378688
"Bacteria|Firmicutes|Bacilli|Lactobacillales|Lactobacillaceae|Limosilactobacillus",FALSE,TRUE,0.224219470562977,0.00600560039848016,0.362401237305276,0.0214045757791985,0.341924831303167,-1.54523910382791
"Bacteria|Firmicutes|Bacilli|Lactobacillales|P5D1-392|P5D1-392",TRUE,FALSE,1.75375485507666e-07,0.0982496333139284,3.14629873593543e-06,0.19033278464195,-1.48942981148153,-0.79381130480672
"Bacteria|Firmicutes|Bacilli|Lactobacillales|Streptococcaceae|Lactococcus",FALSE,FALSE,0.0973464276091184,0.629875449246783,0.200537480325982,0.735736869288259,0.393936693071056,0.258996272504439
"Bacteria|Firmicutes|Bacilli|Lactobacillales|Streptococcaceae|Streptococcus",FALSE,FALSE,0.708772547795408,0.496757749668106,0.800970602793185,0.663935838498719,-0.141648828342243,0.462126093221457
"Bacteria|Firmicutes|Bacilli|RF39|RF39|RF39",FALSE,TRUE,0.116150349414326,0.0012159152582884,0.224234702341546,0.0064292399421527,0.328301452302984,-1.63529507207508
"Bacteria|Firmicutes|Bacilli|Staphylococcales|Gemellaceae|Gemella",TRUE,FALSE,1.21851941986822e-06,0.442302213817656,1.53976544874256e-05,0.614800077206542,-1.1412968587257,0.377209610014178
"Bacteria|Firmicutes|Bacilli|Staphylococcales|Staphylococcaceae|Staphylococcus",FALSE,FALSE,0.211769021807484,0.17790302549532,0.350427309895717,0.309106506798118,-0.495955553732633,-1.03979904965479
"Bacteria|Firmicutes|Clostridia",FALSE,TRUE,0.354807852861107,0.00446111022479009,0.508435995337051,0.0167593059796168,0.241467611348571,-1.52624153037514
"Bacteria|Firmicutes|Clostridia|Christensenellales|Christensenellaceae",TRUE,FALSE,0.0128792327452875,0.897787690729426,0.0351022225802934,0.967383635747211,0.561131339295888,0.0569557477375733
"Bacteria|Firmicutes|Clostridia|Christensenellales|Christensenellaceae|Christensenella",FALSE,TRUE,0.142728020242064,0.0122284543031277,0.264019070996831,0.0333285323163675,0.314565149090889,-1.16433263686185
"Bacteria|Firmicutes|Clostridia|Christensenellales|Christensenellaceae|Christensenellaceae_R-7_group",TRUE,FALSE,0.0152989371367898,0.40968921922681,0.0401236275851658,0.590092384082545,0.625861165778891,-0.386007741571846
"Bacteria|Firmicutes|Clostridia|Clostridia_UCG-014|Clostridia_UCG-014|Clostridia_UCG-014",FALSE,TRUE,0.390897836446742,0.000336843671302354,0.54592401531212,0.0028239165921735,0.212210736267611,-2.14430053595932
"Bacteria|Firmicutes|Clostridia|Clostridia_vadinBB60_group|Clostridia_vadinBB60_group|Clostridia_vadinBB60_group",FALSE,TRUE,0.0653975220057536,6.9855017526122e-06,0.142035243106246,0.000200854488779213,-0.578255350250981,-2.65653642266995
"Bacteria|Firmicutes|Clostridia|Clostridiales|Clostridiaceae|Clostridium_sensu_stricto_1",TRUE,FALSE,5.7025853164124e-07,0.0521180366230805,7.92659358981323e-06,0.116110114319542,-1.44764622195074,-0.998925534206388
"Bacteria|Firmicutes|Clostridia|Eubacteriales|Eubacteriaceae|Eubacterium",FALSE,TRUE,0.368781506510118,3.24453703623378e-10,0.52306764698884,4.50990648036496e-08,0.211937253558166,-3.4741635135413
"Bacteria|Firmicutes|Clostridia|Lachnospirales|Defluviitaleaceae|Defluviitaleaceae_UCG-011",FALSE,FALSE,0.258369509978553,1,0.399037354300209,1,0.222570849518534,0
"Bacteria|Firmicutes|Clostridia|Lachnospirales|Lachnospiraceae",FALSE,FALSE,0.574234308977774,0.590744277859661,0.719086206737933,0.720293461600815,0.154996125910274,0.246002747745695
"Bacteria|Firmicutes|Clostridia|Lachnospirales|Lachnospiraceae|Anaerostipes",TRUE,FALSE,5.36567919556885e-06,0.612949252753953,5.47589437051211e-05,0.722033441803385,1.1519537056569,0.27833429744116
"Bacteria|Firmicutes|Clostridia|Lachnospirales|Lachnospiraceae|Blautia",TRUE,FALSE,3.70741073706344e-07,0.747307400208274,5.72588991613132e-06,0.851440398597951,1.40478254913991,0.203312367055076
"Bacteria|Firmicutes|Clostridia|Lachnospirales|Lachnospiraceae|Coprococcus",FALSE,FALSE,0.830099525981242,0.547672729820633,0.874119955389338,0.684415251254084,-0.0461667715276071,0.288905588176063
"Bacteria|Firmicutes|Clostridia|Lachnospirales|Lachnospiraceae|Dorea",FALSE,FALSE,0.92639482324941,0.131369820754772,0.933107829214985,0.246762230877207,0.019700146095957,0.767489504566655
"Bacteria|Firmicutes|Clostridia|Lachnospirales|Lachnospiraceae|Eisenbergiella",FALSE,FALSE,0.684879395482255,0.28289374541344,0.791678098359158,0.457235239679863,-0.101456683725846,-0.476072569383634
"Bacteria|Firmicutes|Clostridia|Lachnospirales|Lachnospiraceae|Eubacterium_fissicatena_group",FALSE,TRUE,0.43253571326333,0.00124884516861959,0.589435922976499,0.0064292399421527,-0.154755462035002,-1.58521925423716
"Bacteria|Firmicutes|Clostridia|Lachnospirales|Lachnospiraceae|Eubacterium_hallii_group",FALSE,FALSE,0.738515564606422,0.038824004278438,0.821229307842341,0.0963667249054086,-0.0776509393732545,-1.12959716430079
"Bacteria|Firmicutes|Clostridia|Lachnospirales|Lachnospiraceae|Fusicatenibacter",FALSE,TRUE,0.962449357844806,0.00865636373741452,0.962449357844806,0.0273462399886504,-0.00996389025229246,-1.28819009107978
"Bacteria|Firmicutes|Clostridia|Lachnospirales|Lachnospiraceae|GCA-900066755",FALSE,TRUE,0.144355751048627,0.00421265144883196,0.264019070996831,0.0162655153163234,-0.304185739564612,-1.40764099576208
"Bacteria|Firmicutes|Clostridia|Lachnospirales|Lachnospiraceae|Howardella",TRUE,FALSE,1.5000417415477e-05,0.35499698382795,0.000130316126296957,0.542248140132802,1.03945687503409,0.442721840966884
"Bacteria|Firmicutes|Clostridia|Lachnospirales|Lachnospiraceae|Hungatella",TRUE,TRUE,0.000249608581898143,0.000224115354852035,0.0012450092195804,0.00207680228829552,1.21362120358215,-1.82637694915711
"Bacteria|Firmicutes|Clostridia|Lachnospirales|Lachnospiraceae|Lachnoclostridium",FALSE,FALSE,0.0406213525420207,0.884358954759803,0.0957011525989979,0.967383635747211,0.62519668819594,-0.0963203976642713
"Bacteria|Firmicutes|Clostridia|Lachnospirales|Lachnospiraceae|Ruminococcus_gauvreauii_group",FALSE,FALSE,0.613749053141184,0.0460240605421585,0.748343143742321,0.110299041644138,-0.106597162981314,-1.07397810767386
"Bacteria|Firmicutes|Clostridia|Lachnospirales|Lachnospiraceae|Ruminococcus_gnavus_group",TRUE,FALSE,0.000621278052453764,0.297815722670352,0.00278573062229268,0.470413471036124,-0.848723634005549,-0.494248842810459
"Bacteria|Firmicutes|Clostridia|Lachnospirales|Lachnospiraceae|Ruminococcus_torques_group",TRUE,TRUE,0.00965250422629358,0.01046323551179,0.0291673497272784,0.0309444624710384,0.694780971338609,1.21281606274149
"Bacteria|Firmicutes|Clostridia|Lachnospirales|Lachnospiraceae|Sellimonas",TRUE,FALSE,1.05613317467567e-07,0.435494970843355,2.93605022559837e-06,0.611452534820469,1.30324273870836,0.353046059382728
"Bacteria|Firmicutes|Clostridia|Lachnospirales|Lachnospiraceae|Tuzzerella",FALSE,TRUE,0.656551785065611,0.00197304386812516,0.779476942311264,0.00857040930216868,0.0946071448688916,-1.52537549310624
"Bacteria|Firmicutes|Clostridia|Monoglobales|Monoglobaceae|Monoglobus",TRUE,FALSE,1.32877728821745e-07,0.0346020057778893,3.0783340510371e-06,0.0890681259838262,1.38117140842469,1.05520751819373
"Bacteria|Firmicutes|Clostridia|Oscillospirales",FALSE,FALSE,0.203586612396279,0.127027147703268,0.340946254494974,0.241873610010332,0.321667705937891,-0.669609505828424
"Bacteria|Firmicutes|Clostridia|Oscillospirales|Butyricicoccaceae|Butyricicoccus",TRUE,FALSE,0.000250793224088139,0.281055154611208,0.0012450092195804,0.457235239679863,0.811565648752337,0.534873780022049
"Bacteria|Firmicutes|Clostridia|Oscillospirales|Clostridium_methylpentosum_group|Clostridium_methylpentosum_group",FALSE,TRUE,0.821737297683844,0.000493078380790354,0.871919728076751,0.00326370928237425,-0.0491699512823104,-1.73295286389348
"Bacteria|Firmicutes|Clostridia|Oscillospirales|Eubacterium_coprostanoligenes_group|Eubacterium_coprostanoligenes_group",FALSE,FALSE,0.491965760806291,0.610783232094309,0.656080779587278,0.722033441803385,0.168073769644115,-0.262636176157162
"Bacteria|Firmicutes|Clostridia|Oscillospirales|Oscillospiraceae",FALSE,FALSE,0.326802249998328,0.530752998475839,0.478163292102817,0.683098766556866,-0.243244403318928,-0.320676846085839
"Bacteria|Firmicutes|Clostridia|Oscillospirales|Oscillospiraceae|Flavonifractor",FALSE,TRUE,0.170631574847189,0.0118817190591223,0.292812208688387,0.0333285323163675,0.329221519310611,-1.1861411785676
"Bacteria|Firmicutes|Clostridia|Oscillospirales|Oscillospiraceae|Intestinimonas",FALSE,FALSE,0.248867866824783,0.254710882916085,0.393098107825509,0.421485865777808,-0.244696400092752,-0.548739805969487
"Bacteria|Firmicutes|Clostridia|Oscillospirales|Oscillospiraceae|NK4A214_group",FALSE,TRUE,0.667321986583024,3.51351471281486e-05,0.779476942311264,0.000588892998052886,0.0909223982638082,1.97105124785898
"Bacteria|Firmicutes|Clostridia|Oscillospirales|Oscillospiraceae|Oscillibacter",FALSE,FALSE,0.754382298851498,0.235926491377818,0.832215393177446,0.399924174408741,-0.0743925958235102,0.619120198264825
"Bacteria|Firmicutes|Clostridia|Oscillospirales|Oscillospiraceae|UCG-002",FALSE,TRUE,0.520140037746543,0.000387676750101226,0.669439493025644,0.00299372601467058,-0.136111515243239,-1.88642097403078
"Bacteria|Firmicutes|Clostridia|Oscillospirales|Oscillospiraceae|UCG-005",TRUE,FALSE,3.06091357568729e-05,0.0900344439890247,0.000236370548344741,0.181373734992383,1.05898797454747,-0.782774756313372
"Bacteria|Firmicutes|Clostridia|Oscillospirales|Ruminococcaceae",FALSE,FALSE,0.565543143130725,0.909386930255815,0.714640880865189,0.972344486965833,-0.15223939999454,0.0489490536389194
"Bacteria|Firmicutes|Clostridia|Oscillospirales|Ruminococcaceae|Anaerofilum",FALSE,FALSE,0.0729474860055065,0.0234605287810703,0.155995393150237,0.0627117980878609,0.361355172466609,-1.04531599763098
"Bacteria|Firmicutes|Clostridia|Oscillospirales|Ruminococcaceae|Anaerotruncus",FALSE,FALSE,0.157816097836776,0.088368041428579,0.274205469991398,0.180634672920184,0.311393115880874,0.852070055924628
"Bacteria|Firmicutes|Clostridia|Oscillospirales|Ruminococcaceae|DTU089",TRUE,TRUE,0.00271148571003643,0.00021840073314623,0.00942241284237659,0.00207680228829552,-0.721267979191058,-1.81805543107283
"Bacteria|Firmicutes|Clostridia|Oscillospirales|Ruminococcaceae|Faecalibacterium",FALSE,FALSE,0.653212213639687,0.206754574462943,0.779476942311264,0.354801059880853,0.118069346266044,0.707406308975968
"Bacteria|Firmicutes|Clostridia|Oscillospirales|Ruminococcaceae|Incertae_Sedis",TRUE,FALSE,0.0107744132813578,0.710378396102947,0.0299528689221748,0.816054521143055,0.66239854070867,0.190316891817083
"Bacteria|Firmicutes|Clostridia|Oscillospirales|Ruminococcaceae|Negativibacillus",TRUE,TRUE,0.00110602643642224,0.00886831394453077,0.00444514792137313,0.0273932364064395,0.798489621757755,1.31284972757011
"Bacteria|Firmicutes|Clostridia|Oscillospirales|Ruminococcaceae|Paludicola",TRUE,FALSE,0.000496471237815366,0.416036357122946,0.0023003167352112,0.590092384082545,0.844304730143672,0.405648647371168
"Bacteria|Firmicutes|Clostridia|Oscillospirales|Ruminococcaceae|Ruminococcus",TRUE,TRUE,0.00936688096274774,0.00160973057954287,0.0289332545293763,0.00745841835188195,0.665575916074002,-1.67579277517211
"Bacteria|Firmicutes|Clostridia|Oscillospirales|Ruminococcaceae|Subdoligranulum",FALSE,FALSE,0.690252886577931,0.165153156365828,0.791678098359158,0.29431139403654,0.11403415123505,1.03970649717975
"Bacteria|Firmicutes|Clostridia|Oscillospirales|Ruminococcaceae|UBA1819",FALSE,TRUE,0.0981046666342934,0.000580543868556865,0.200537480325982,0.00366798171497292,-0.518092939302286,-1.73997378768194
"Bacteria|Firmicutes|Clostridia|Oscillospirales|UCG-010|UCG-010",FALSE,FALSE,0.763750036880204,0.0985896438433122,0.835915394695657,0.19033278464195,-0.0633561244547762,0.754377763364441
"Bacteria|Firmicutes|Clostridia|Peptostreptococcales-Tissierellales|Anaerovoracaceae|Eubacterium_brachy_group",FALSE,FALSE,0.58666525812838,0.841157679739538,0.728093489998614,0.927943789553935,0.111947341420937,0.0935735118268567
"Bacteria|Firmicutes|Clostridia|Peptostreptococcales-Tissierellales|Anaerovoracaceae|Eubacterium_nodatum_group",TRUE,TRUE,9.99191944331591e-05,3.81297624638559e-05,0.000642776715334107,0.000588892998052886,0.963098584989431,-2.27869462669393
"Bacteria|Firmicutes|Clostridia|Peptostreptococcales-Tissierellales|Anaerovoracaceae|Family_XIII_AD3011_group",FALSE,TRUE,0.28730303709297,0.00136173531142169,0.424841725063008,0.00652693821681433,-0.235528060183684,-1.63558707051103
"Bacteria|Firmicutes|Clostridia|Peptostreptococcales-Tissierellales|Family_XI|Anaerococcus",TRUE,TRUE,1.41593831967987e-06,0.00642806134934947,1.64012855362918e-05,0.0223375131889894,-1.22360456004911,-1.34435657990369
"Bacteria|Firmicutes|Clostridia|Peptostreptococcales-Tissierellales|Family_XI|Finegoldia",FALSE,FALSE,0.265933415956873,0.662109214957822,0.406205987011047,0.766943173992811,0.230147118093589,-0.200347952068042
"Bacteria|Firmicutes|Clostridia|Peptostreptococcales-Tissierellales|Family_XI|Parvimonas",FALSE,FALSE,0.253114108477547,0.403400802949636,0.395313045824483,0.590092384082545,0.262073682151034,-0.386380456098834
"Bacteria|Firmicutes|Clostridia|Peptostreptococcales-Tissierellales|Peptostreptococcaceae",TRUE,FALSE,1.81081941636572e-07,0.0973621452196625,3.14629873593543e-06,0.19033278464195,-1.40432261778699,-0.823034265832936
"Bacteria|Firmicutes|Clostridia|Peptostreptococcales-Tissierellales|Peptostreptococcaceae|Intestinibacter",TRUE,FALSE,0.00635458042963759,0.958262548251521,0.0210306352314197,1,-0.612067813308419,0.0267488169699815
"Bacteria|Firmicutes|Clostridia|Peptostreptococcales-Tissierellales|Peptostreptococcaceae|Peptostreptococcus",TRUE,TRUE,2.6417358589469e-09,7.22498161076305e-06,9.18003210984049e-08,0.000200854488779213,-1.6267346619192,-2.33037169308484
"Bacteria|Firmicutes|Clostridia|Peptostreptococcales-Tissierellales|Peptostreptococcaceae|Romboutsia",FALSE,FALSE,0.123003566004312,0.895488261358181,0.23421226951506,0.967383635747211,-0.369191971906239,-0.0620535044493096
"Bacteria|Firmicutes|Clostridia|Peptostreptococcales-Tissierellales|Peptostreptococcaceae|Terrisporobacter",FALSE,FALSE,0.421109352493938,0.0279590973148567,0.57954653462037,0.0733266891842468,-0.16891979848597,-1.23755539791748
"Bacteria|Firmicutes|Negativicutes|Acidaminococcales|Acidaminococcaceae|Phascolarctobacterium",FALSE,TRUE,0.474914132107718,0.00733842907959168,0.64090353750459,0.0244196141879608,0.16152802596481,-1.48475755082129
"Bacteria|Proteobacteria|Alphaproteobacteria|Rhodospirillales",FALSE,TRUE,0.136957057860631,7.21948253985248e-05,0.257257176251726,0.00091228006639954,-0.311477472755072,-2.11216856544052
"Bacteria|Proteobacteria|Alphaproteobacteria|Rickettsiales|Mitochondria|Mitochondria",FALSE,FALSE,0.604101117767115,0.553911047526573,0.74309783512946,0.684415251254084,0.110313076039483,-0.266930166079739
"Bacteria|Proteobacteria|Gammaproteobacteria|Burkholderiales|Oxalobacteraceae|Oxalobacter",TRUE,FALSE,0.00203539754960393,1,0.00744454242092801,1,0.643124213195022,0
"Bacteria|Proteobacteria|Gammaproteobacteria|Burkholderiales|Sutterellaceae|Parasutterella",TRUE,TRUE,0.000204020747150566,0.000152620379072678,0.00109072630207418,0.00176785272425852,1.06772648251463,-1.96538196096349
"Bacteria|Proteobacteria|Gammaproteobacteria|Burkholderiales|Sutterellaceae|Sutterella",FALSE,FALSE,0.0307195815385551,0.386152709520863,0.074912663751915,0.583426376341304,-0.542577057544004,0.461228910900369
"Bacteria|Proteobacteria|Gammaproteobacteria|Enterobacterales",FALSE,TRUE,0.621026373040127,0.00980206469630071,0.750631876978936,0.0296192824518652,0.111692631578796,1.38577647145653
"Bacteria|Proteobacteria|Gammaproteobacteria|Enterobacterales|Enterobacteriaceae",FALSE,FALSE,0.237537616525478,0.766077797123579,0.379514122954499,0.865730193497378,0.335811475087015,0.179892588491693
"Bacteria|Proteobacteria|Gammaproteobacteria|Enterobacterales|Enterobacteriaceae|Escherichia-Shigella",FALSE,FALSE,0.867858166086127,0.60579834239294,0.88700209622038,0.722033441803385,-0.0396537661084959,-0.285561527596168
"Bacteria|Proteobacteria|Gammaproteobacteria|Pseudomonadales|Pseudomonadaceae|Pseudomonas",TRUE,FALSE,9.45647789361597e-06,0.037413996346084,8.76300284808413e-05,0.0945553725837394,1.25097163083395,-0.989792750019654
"Bacteria|Verrucomicrobiota|Lentisphaeria|Victivallales|Victivallaceae|Victivallis",FALSE,FALSE,0.0634084295749476,1,0.139901138268535,1,-0.397493683794439,0
"Bacteria|Verrucomicrobiota|Verrucomicrobiae|Verrucomicrobiales|Akkermansiaceae|Akkermansia",FALSE,TRUE,0.0998337523627816,0.0120324402405849,0.201114370701835,0.0333285323163675,0.44524146658462,1.18106416927318
"Eukaryota",FALSE,TRUE,0.0576128748559126,0.000223034691016672,0.131281796802817,0.00207680228829552,0.384298135324635,-1.71288877910577
