"taxon","diff_InmunosuprimidoNo","diff_InmunosuprimidoSí","p_InmunosuprimidoNo","p_InmunosuprimidoSí","q_InmunosuprimidoNo","q_InmunosuprimidoSí","lfc_InmunosuprimidoNo","lfc_InmunosuprimidoSí"
"Unassigned",FALSE,FALSE,0.319360660592585,0.155808440371717,0.43108756383802,0.338396456432322,-0.263891175862442,-0.797811278568478
"Bacteria",FALSE,FALSE,0.293022757873709,0.111265103800213,0.407470701204019,0.271330691723327,-0.257774239068328,-0.910515325584682
"Bacteria|Actinobacteriota|Actinobacteria|Actinomycetales|Actinomycetaceae|Actinomyces",TRUE,FALSE,0.000924883897574349,0.948288137296226,0.00514235447051338,1,-0.949800702069403,0.0406970926972439
"Bacteria|Actinobacteriota|Actinobacteria|Bifidobacteriales|Bifidobacteriaceae|Alloscardovia",FALSE,FALSE,0.0990650792399829,0.668615780205711,0.188630767319967,0.880176924421956,0.42462947614427,0.271880622255792
"Bacteria|Actinobacteriota|Actinobacteria|Bifidobacteriales|Bifidobacteriaceae|Bifidobacterium",TRUE,FALSE,0.0135530037480975,0.0826787593245984,0.0392472400205323,0.222454783341181,0.877097278412566,-1.21063339019469
"Bacteria|Actinobacteriota|Actinobacteria|Bifidobacteriales|Bifidobacteriaceae|Scardovia",FALSE,FALSE,0.0634499952507495,0.866944966653199,0.133629535452336,1,-0.441382843716286,0.128422189564957
"Bacteria|Actinobacteriota|Actinobacteria|Corynebacteriales|Corynebacteriaceae|Corynebacterium",TRUE,FALSE,5.55002391559287e-06,0.190621328764196,8.33775045885699e-05,0.374522997571485,-1.34869142267196,0.895898818344053
"Bacteria|Actinobacteriota|Actinobacteria|Micrococcales|Micrococcaceae|Rothia",FALSE,FALSE,0.149185763689828,0.680603212003611,0.241125827359141,0.880176924421956,0.348093737723564,0.266286965741908
"Bacteria|Actinobacteriota|Actinobacteria|Propionibacteriales|Propionibacteriaceae|Cutibacterium",TRUE,TRUE,3.90676058121899e-05,5.26812042886725e-05,0.000362026480526293,0.000665698854193226,-1.11098093483342,-2.81577527779227
"Bacteria|Actinobacteriota|Coriobacteriia|Coriobacteriales|Atopobiaceae|Atopobium",TRUE,FALSE,1.00004176831351e-07,0.364431272573468,3.47514514488946e-06,0.610312613104964,-1.47462209185348,0.615649247499452
"Bacteria|Actinobacteriota|Coriobacteriia|Coriobacteriales|Atopobiaceae|Olsenella",TRUE,TRUE,1.48599625551577e-07,0.00176605139338991,4.13106959033383e-06,0.0116895782705332,-1.43358346991708,-1.92440395461253
"Bacteria|Actinobacteriota|Coriobacteriia|Coriobacteriales|Coriobacteriaceae|Collinsella",FALSE,FALSE,0.904672450295184,0.197387157542241,0.911228047761091,0.381066873588493,0.0362954571638986,-1.02190149274382
"Bacteria|Actinobacteriota|Coriobacteriia|Coriobacteriales|Coriobacteriales_Incertae_Sedis",FALSE,FALSE,0.148411297605298,1,0.241125827359141,1,-0.342975282123284,0
"Bacteria|Actinobacteriota|Coriobacteriia|Coriobacteriales|Coriobacteriales_Incertae_Sedis|Raoultibacter",FALSE,TRUE,0.0206685639320749,0.0119993676846988,0.0513023283314003,0.0490562384756803,0.554512103843278,1.5756789133586
"Bacteria|Actinobacteriota|Coriobacteriia|Coriobacteriales|Eggerthellaceae",FALSE,FALSE,0.0644312425203282,0.539778295694527,0.133670786721278,0.785821729112733,0.456769669495315,0.358407405485939
"Bacteria|Actinobacteriota|Coriobacteriia|Coriobacteriales|Eggerthellaceae|Eggerthella",TRUE,FALSE,0.0115472789274524,0.167437964023721,0.0356682615759085,0.348640009603968,0.719305956520845,0.891557726169252
"Bacteria|Actinobacteriota|Coriobacteriia|Coriobacteriales|Eggerthellaceae|Enterorhabdus",FALSE,FALSE,0.0520787898734121,0.18900826612214,0.114148651832909,0.374522997571485,-0.45612401133638,0.788678248287048
"Bacteria|Actinobacteriota|Coriobacteriia|Coriobacteriales|Eggerthellaceae|Gordonibacter",FALSE,FALSE,0.313986727119844,0.0391972006661814,0.43108756383802,0.12972406887141,0.223597808300453,1.23670678506591
"Bacteria|Actinobacteriota|Coriobacteriia|Coriobacteriales|Eggerthellaceae|Senegalimassilia",TRUE,FALSE,0.00171487729928929,1,0.00794559815337371,1,-0.770418149505906,0
"Bacteria|Actinobacteriota|Coriobacteriia|Coriobacteriales|Eggerthellaceae|Slackia",FALSE,FALSE,0.146831223942262,0.546767100363108,0.241125827359141,0.785821729112733,-0.344416106571171,0.3506497867593
"Bacteria|Bacteroidota|Bacteroidia",TRUE,FALSE,5.99838162507697e-06,1,8.33775045885699e-05,1,1.2318919434861,0
"Bacteria|Bacteroidota|Bacteroidia|Bacteroidales|Bacteroidaceae|Bacteroides",FALSE,FALSE,0.319438986153353,0.25707296555115,0.43108756383802,0.470172923836971,0.391938837971592,-1.12879300571722
"Bacteria|Bacteroidota|Bacteroidia|Bacteroidales|Barnesiellaceae",FALSE,TRUE,0.177616854649764,0.00356416827506532,0.278871880463928,0.0215399734884382,0.305228860481565,1.91999465010462
"Bacteria|Bacteroidota|Bacteroidia|Bacteroidales|Barnesiellaceae|Barnesiella",TRUE,FALSE,0.0109334085864693,0.0585999556745829,0.0345396316708916,0.17330625188866,0.686258770605071,-1.13281603438731
"Bacteria|Bacteroidota|Bacteroidia|Bacteroidales|Barnesiellaceae|Coprobacter",TRUE,TRUE,0.000671426789659949,0.0107645139342428,0.004052422354325,0.0453414374805984,0.892504128531126,1.54853109478975
"Bacteria|Bacteroidota|Bacteroidia|Bacteroidales|Marinifilaceae|Butyricimonas",FALSE,TRUE,0.698316258046905,2.64313500177515e-06,0.795622621873113,5.33602121209731e-05,-0.102221963394188,2.81554286074204
"Bacteria|Bacteroidota|Bacteroidia|Bacteroidales|Marinifilaceae|Odoribacter",FALSE,FALSE,0.731500930037584,0.770128808254238,0.819988945767936,0.927717292070323,0.0897495331092136,0.159890510992503
"Bacteria|Bacteroidota|Bacteroidia|Bacteroidales|Prevotellaceae",FALSE,TRUE,0.183894367646025,0.00521872917443942,0.284014634475527,0.0279001290479646,0.338427117813712,1.75332092507851
"Bacteria|Bacteroidota|Bacteroidia|Bacteroidales|Prevotellaceae|Paraprevotella",FALSE,FALSE,0.19109666074927,0.0436764475613584,0.288722128740745,0.141186656070438,-0.354168899416618,-1.21675318749153
"Bacteria|Bacteroidota|Bacteroidia|Bacteroidales|Prevotellaceae|Prevotella",TRUE,TRUE,0.000586734628968342,0.00120990297205208,0.00388362444888569,0.00885139542711785,-0.922521165067266,-2.21363913872422
"Bacteria|Bacteroidota|Bacteroidia|Bacteroidales|Prevotellaceae|Prevotella_9",TRUE,FALSE,2.19046944163988e-10,0.460636567365418,1.52237626193971e-08,0.69596177025862,2.60048936555945,0.484117111176978
"Bacteria|Bacteroidota|Bacteroidia|Bacteroidales|Rikenellaceae|Alistipes",FALSE,FALSE,0.0469017789449049,0.0148306698870255,0.105150762473254,0.0542490293235932,0.717719821269741,-2.04757253961927
"Bacteria|Bacteroidota|Bacteroidia|Bacteroidales|Tannerellaceae",FALSE,FALSE,0.0197888171921054,0.127044063001469,0.0500117379945937,0.299307199274648,-0.558550364858472,-0.933392452018141
"Bacteria|Bacteroidota|Bacteroidia|Bacteroidales|Tannerellaceae|Parabacteroides",FALSE,FALSE,0.898327988656889,0.0982379891662146,0.911228047761091,0.247357055287598,-0.0430006765850063,-1.32557999788216
"Bacteria|Bacteroidota|Bacteroidia|Bacteroidales|Tannerellaceae|Tannerellaceae",FALSE,FALSE,0.636465341212473,0.191303113867449,0.737239020237782,0.374522997571485,0.151329209306596,0.900296371679949
"Bacteria|Desulfobacterota|Desulfovibrionia|Desulfovibrionales|Desulfovibrionaceae",TRUE,TRUE,0.00221304262598436,2.68720492695548e-06,0.00932160378823714,5.33602121209731e-05,-0.727311176947884,3.24506655428605
"Bacteria|Desulfobacterota|Desulfovibrionia|Desulfovibrionales|Desulfovibrionaceae|Bilophila",FALSE,FALSE,0.756316796403553,0.723468012723441,0.832445748744615,0.914200488805076,0.075834935525609,-0.208500144604277
"Bacteria|Desulfobacterota|Desulfovibrionia|Desulfovibrionales|Desulfovibrionaceae|Desulfovibrio",TRUE,FALSE,0.0033968921150675,1,0.0127612974052536,1,-0.739246703298827,0
"Bacteria|Firmicutes",TRUE,FALSE,0.000679670330180454,0.275923268598181,0.004052422354325,0.498095251105807,0.853343087987098,0.657772862820779
"Bacteria|Firmicutes|Bacilli|Erysipelotrichales|Erysipelatoclostridiaceae|Catenibacterium",TRUE,FALSE,9.63428755721928e-05,0.165060410101565,0.000787744688502047,0.348640009603968,1.05931720780172,-0.82871794983471
"Bacteria|Firmicutes|Bacilli|Erysipelotrichales|Erysipelatoclostridiaceae|Coprobacillus",FALSE,TRUE,0.0983359770933645,9.06121102087477e-06,0.188630767319967,0.000157438541487699,0.403154286633973,3.06046115612248
"Bacteria|Firmicutes|Bacilli|Erysipelotrichales|Erysipelatoclostridiaceae|Erysipelatoclostridium",TRUE,TRUE,0.0168883000088022,0.00813280936771513,0.0460288961024217,0.0381078348552989,-0.731908945179134,1.68840092443667
"Bacteria|Firmicutes|Bacilli|Erysipelotrichales|Erysipelatoclostridiaceae|Erysipelotrichaceae_UCG-003",FALSE,TRUE,0.426720278560766,4.83766341576484e-08,0.549204802962467,3.36217607395657e-06,0.205084821242659,-3.59440432545965
"Bacteria|Firmicutes|Bacilli|Erysipelotrichales|Erysipelotrichaceae",FALSE,FALSE,0.11870878950893,0.0269244612194363,0.211345164274329,0.0935625027375412,0.41064525523648,1.33581624359182
"Bacteria|Firmicutes|Bacilli|Erysipelotrichales|Erysipelotrichaceae|Clostridium_innocuum_group",FALSE,FALSE,0.533681906443978,0.445826930704489,0.650717412243096,0.680988388658505,0.219882204248596,-0.555330294853195
"Bacteria|Firmicutes|Bacilli|Erysipelotrichales|Erysipelotrichaceae|Dielma",FALSE,FALSE,0.13446482876825,0.601743718351324,0.231600255648401,0.844872493442768,0.359851121160219,-0.306589614902237
"Bacteria|Firmicutes|Bacilli|Erysipelotrichales|Erysipelotrichaceae|Faecalitalea",FALSE,FALSE,0.036528758421205,0.766560804487317,0.0846249570091248,0.927717292070323,-0.527978388032115,-0.184216893807422
"Bacteria|Firmicutes|Bacilli|Erysipelotrichales|Erysipelotrichaceae|Holdemanella",FALSE,TRUE,0.223151429299208,0.00332534897488183,0.323104673672812,0.0210101594322079,0.393712497546995,-2.06402266228329
"Bacteria|Firmicutes|Bacilli|Erysipelotrichales|Erysipelotrichaceae|Holdemania",TRUE,FALSE,0.000123819960447553,0.229688923591986,0.000956165250122774,0.425690138390481,1.10781675021224,-0.679853449347094
"Bacteria|Firmicutes|Bacilli|Erysipelotrichales|Erysipelotrichaceae|Merdibacter",FALSE,TRUE,0.390407861230189,0.000815845402223718,0.511949931235813,0.00667073593582923,-0.210457886663235,2.04612918136332
"Bacteria|Firmicutes|Bacilli|Erysipelotrichales|Erysipelotrichaceae|Solobacterium",FALSE,FALSE,0.709421616125268,0.281682181110273,0.80170410277571,0.501972091978564,-0.101642769282307,-0.663687871099249
"Bacteria|Firmicutes|Bacilli|Erysipelotrichales|Erysipelotrichaceae|Turicibacter",FALSE,TRUE,0.0657734756355658,2.99113234054347e-05,0.134448722255053,0.000461963772595047,-0.443848811525024,-2.65880715006323
"Bacteria|Firmicutes|Bacilli|Lactobacillales|Enterococcaceae|Enterococcus",FALSE,FALSE,0.0915378848904324,0.0627037643283566,0.179207971827748,0.174652648475338,-0.780948533470591,1.77692161623321
"Bacteria|Firmicutes|Bacilli|Lactobacillales|Lactobacillaceae|Lacticaseibacillus",TRUE,FALSE,0.00118769232959347,0.758938167332879,0.0061144160671664,0.927717292070323,-1.13312812644669,-0.246304282295181
"Bacteria|Firmicutes|Bacilli|Lactobacillales|Lactobacillaceae|Lactobacillus",TRUE,FALSE,0.0129365617500527,0.780884339368546,0.038259193260794,0.927717292070323,0.879480943078641,0.217218677267731
"Bacteria|Firmicutes|Bacilli|Lactobacillales|Lactobacillaceae|Leuconostoc",TRUE,FALSE,4.78394414784799e-06,0.344229914609615,8.31210295688588e-05,0.583511684521176,1.24260085339199,-0.550162721914426
"Bacteria|Firmicutes|Bacilli|Lactobacillales|Lactobacillaceae|Ligilactobacillus",TRUE,FALSE,8.73835277334085e-05,0.047279006705439,0.000759144397183986,0.147041191801931,-1.13231212134882,-1.23838884744345
"Bacteria|Firmicutes|Bacilli|Lactobacillales|Lactobacillaceae|Limosilactobacillus",FALSE,FALSE,0.893290135201756,0.168049501032128,0.911228047761091,0.348640009603968,0.0405619594394117,-0.933166960546117
"Bacteria|Firmicutes|Bacilli|Lactobacillales|P5D1-392|P5D1-392",TRUE,FALSE,1.59134348619758e-05,0.0347224636492814,0.000184330620484554,0.117717620664637,-1.29577687512566,-1.37190750604716
"Bacteria|Firmicutes|Bacilli|Lactobacillales|Streptococcaceae|Lactococcus",FALSE,FALSE,0.802483300132418,0.777657019826599,0.858532645326028,0.927717292070323,-0.0649557441772039,-0.198080726500803
"Bacteria|Firmicutes|Bacilli|Lactobacillales|Streptococcaceae|Streptococcus",FALSE,FALSE,0.087973288238479,0.683878473651592,0.174689815216408,0.880176924421956,-0.679855787068383,0.287691611185413
"Bacteria|Firmicutes|Bacilli|RF39|RF39|RF39",FALSE,FALSE,0.509196928315479,1,0.631949759248675,1,-0.150898167313693,0
"Bacteria|Firmicutes|Bacilli|Staphylococcales|Gemellaceae|Gemella",TRUE,FALSE,0.0180193738783001,0.387311642811465,0.047722986536573,0.626003701753415,-0.571594659447396,0.523638326983222
"Bacteria|Firmicutes|Bacilli|Staphylococcales|Staphylococcaceae|Staphylococcus",FALSE,FALSE,0.110737121334709,0.674245051637973,0.202532366651639,0.880176924421956,-0.63955754669538,-0.384289953462043
"Bacteria|Firmicutes|Clostridia",FALSE,TRUE,0.186566083683736,0.00782695987507695,0.284974567385047,0.0381078348552989,-0.365400234809083,-1.6616592939777
"Bacteria|Firmicutes|Clostridia|Christensenellales|Christensenellaceae",FALSE,FALSE,0.56800613739575,0.55403258599315,0.680628043948356,0.785821729112733,0.134929891943425,0.344393930882213
"Bacteria|Firmicutes|Clostridia|Christensenellales|Christensenellaceae|Christensenella",TRUE,FALSE,0.0189937035668574,0.664474427157396,0.0488911999220958,0.880176924421956,0.573260242713956,0.25624566234286
"Bacteria|Firmicutes|Clostridia|Christensenellales|Christensenellaceae|Christensenellaceae_R-7_group",FALSE,FALSE,0.178558254397767,0.0996204959681224,0.278871880463928,0.247357055287598,0.371899546807778,-0.96962955863415
"Bacteria|Firmicutes|Clostridia|Clostridia_UCG-014|Clostridia_UCG-014|Clostridia_UCG-014",FALSE,TRUE,0.0413962321616991,1.30786322453279e-07,0.0943291191881339,6.05976627366857e-06,-0.559732519413077,-3.41828108051992
"Bacteria|Firmicutes|Clostridia|Clostridia_vadinBB60_group|Clostridia_vadinBB60_group|Clostridia_vadinBB60_group",TRUE,FALSE,0.00288254106349433,0.621394120084463,0.011129811328492,0.863737826917404,-1.01461486470418,-0.342804699682232
"Bacteria|Firmicutes|Clostridia|Clostridiales|Clostridiaceae|Clostridium_sensu_stricto_1",TRUE,FALSE,9.18544728015876e-07,1,1.82396738848867e-05,1,-1.52901338026274,0
"Bacteria|Firmicutes|Clostridia|Eubacteriales|Eubacteriaceae|Eubacterium",FALSE,FALSE,0.277903267376013,1,0.394168920053733,1,0.284414746374562,0
"Bacteria|Firmicutes|Clostridia|Lachnospirales|Defluviitaleaceae|Defluviitaleaceae_UCG-011",FALSE,FALSE,0.642069594286873,1,0.7375840793874,1,-0.101563534105277,0
"Bacteria|Firmicutes|Clostridia|Lachnospirales|Lachnospiraceae",FALSE,TRUE,0.889845383537869,0.00822471255869761,0.911228047761091,0.0381078348552989,0.041484841500213,1.41594836401506
"Bacteria|Firmicutes|Clostridia|Lachnospirales|Lachnospiraceae|Anaerostipes",TRUE,FALSE,0.00251147053206964,0.208674461455081,0.0102674824693435,0.397339043044606,0.803046639682182,0.750689799121649
"Bacteria|Firmicutes|Clostridia|Lachnospirales|Lachnospiraceae|Blautia",TRUE,TRUE,0.00267809357220769,0.000758152962397112,0.0106358573296248,0.00658645386082491,0.910320013518155,2.04039508983251
"Bacteria|Firmicutes|Clostridia|Lachnospirales|Lachnospiraceae|Coprococcus",FALSE,FALSE,0.172840890590532,0.430102847731788,0.276148089564183,0.674086293512885,-0.324521174856752,0.467462923841458
"Bacteria|Firmicutes|Clostridia|Lachnospirales|Lachnospiraceae|Dorea",FALSE,FALSE,0.827129830300519,0.789361370663378,0.872912313102991,0.929840936628894,-0.0520873610398293,0.167885958583051
"Bacteria|Firmicutes|Clostridia|Lachnospirales|Lachnospiraceae|Eisenbergiella",TRUE,FALSE,0.00521303793706913,0.705264000891443,0.0181153068313152,0.89937335893496,-0.760834351132418,-0.240539736660135
"Bacteria|Firmicutes|Clostridia|Lachnospirales|Lachnospiraceae|Eubacterium_fissicatena_group",TRUE,FALSE,0.0161001749849272,0.0628246936961648,0.0447584864580975,0.174652648475338,-0.555912125180823,-1.12778481228658
"Bacteria|Firmicutes|Clostridia|Lachnospirales|Lachnospiraceae|Eubacterium_hallii_group",FALSE,FALSE,0.0326597781127766,0.408153271752354,0.0782708475461371,0.652106951420428,-0.558754889769415,-0.532956955433748
"Bacteria|Firmicutes|Clostridia|Lachnospirales|Lachnospiraceae|Fusicatenibacter",TRUE,FALSE,0.00943813501859677,0.0832204944873483,0.0310742629910271,0.222454783341181,-0.638122882368214,1.07598201239349
"Bacteria|Firmicutes|Clostridia|Lachnospirales|Lachnospiraceae|GCA-900066755",TRUE,FALSE,0.00961290150082132,0.155507108847832,0.0310742629910271,0.338396456432322,-0.624062195478073,-0.859420120432033
"Bacteria|Firmicutes|Clostridia|Lachnospirales|Lachnospiraceae|Howardella",TRUE,FALSE,0.000354728878105925,0.0134840242586053,0.00259512179245914,0.0519834712025857,0.90471235018781,-1.50996707638975
"Bacteria|Firmicutes|Clostridia|Lachnospirales|Lachnospiraceae|Hungatella",TRUE,FALSE,0.0181965344348084,0.386711207455689,0.047722986536573,0.626003701753415,0.7975628642751,-0.512467270507684
"Bacteria|Firmicutes|Clostridia|Lachnospirales|Lachnospiraceae|Lachnoclostridium",FALSE,FALSE,0.466803885136093,0.656444720548697,0.595282018659788,0.880176924421956,0.236613412808738,-0.285500432910115
"Bacteria|Firmicutes|Clostridia|Lachnospirales|Lachnospiraceae|Ruminococcus_gauvreauii_group",TRUE,FALSE,0.00114342707428976,0.0226672896218499,0.00611293705101066,0.0807885450624906,-0.865206476504188,-1.44810893893491
"Bacteria|Firmicutes|Clostridia|Lachnospirales|Lachnospiraceae|Ruminococcus_gnavus_group",TRUE,FALSE,0.000387989152173762,0.44104558337613,0.00269652460760764,0.680988388658505,-0.977605883156082,-0.473037534580205
"Bacteria|Firmicutes|Clostridia|Lachnospirales|Lachnospiraceae|Ruminococcus_torques_group",FALSE,FALSE,0.293144389355409,0.126483614572926,0.407470701204019,0.299307199274648,0.292628011361349,0.905380777685209
"Bacteria|Firmicutes|Clostridia|Lachnospirales|Lachnospiraceae|Sellimonas",TRUE,FALSE,8.5183974742108e-07,0.0476032635329993,1.82396738848867e-05,0.147041191801931,1.31767081025108,1.19910573517821
"Bacteria|Firmicutes|Clostridia|Lachnospirales|Lachnospiraceae|Tuzzerella",TRUE,TRUE,0.0014873527882323,1.75067804448761e-06,0.00738364419872463,4.86688496367556e-05,-0.799315682809573,3.38930528482614
"Bacteria|Firmicutes|Clostridia|Monoglobales|Monoglobaceae|Monoglobus",FALSE,TRUE,0.217710605937383,2.43060256070623e-07,0.318544991845224,8.44634389845415e-06,0.292606999321185,3.76845885012129
"Bacteria|Firmicutes|Clostridia|Oscillospirales",FALSE,FALSE,0.499835798271522,0.934567407499207,0.631537540006789,1,-0.177287852979499,-0.0475122274488881
"Bacteria|Firmicutes|Clostridia|Oscillospirales|Butyricicoccaceae|Butyricicoccus",FALSE,FALSE,0.504321344897507,0.0132237212576481,0.631537540006789,0.0519834712025857,0.150484505528202,1.67866979920302
"Bacteria|Firmicutes|Clostridia|Oscillospirales|Clostridium_methylpentosum_group|Clostridium_methylpentosum_group",FALSE,TRUE,0.12011703581059,0.00107448800882213,0.211345164274329,0.00829743517923758,-0.377973101458,-2.01833471996497
"Bacteria|Firmicutes|Clostridia|Oscillospirales|Eubacterium_coprostanoligenes_group|Eubacterium_coprostanoligenes_group",FALSE,TRUE,0.903700280278953,0.0103009139440502,0.911228047761091,0.0447445949444681,-0.0316085314911385,1.49723499246023
"Bacteria|Firmicutes|Clostridia|Oscillospirales|Oscillospiraceae",FALSE,FALSE,0.146635909123938,0.318015802827578,0.241125827359141,0.552552457412917,-0.388970144115841,0.59700106204497
"Bacteria|Firmicutes|Clostridia|Oscillospirales|Oscillospiraceae|Flavonifractor",FALSE,FALSE,0.101561171222731,0.747621179886568,0.190770308107562,0.927717292070323,-0.424208760403021,-0.203872362349176
"Bacteria|Firmicutes|Clostridia|Oscillospirales|Oscillospiraceae|Intestinimonas",FALSE,TRUE,0.418406358772869,0.000132491824301761,0.543537232424569,0.0014166433521496,-0.189170997485287,-2.50982489432822
"Bacteria|Firmicutes|Clostridia|Oscillospirales|Oscillospiraceae|NK4A214_group",FALSE,FALSE,0.331109639285152,0.0623170766196392,0.442540767890732,0.174652648475338,0.232130097675258,1.08719312683162
"Bacteria|Firmicutes|Clostridia|Oscillospirales|Oscillospiraceae|Oscillibacter",FALSE,FALSE,0.0525576526424907,0.0138373268668753,0.114148651832909,0.0519834712025857,-0.506229356182278,1.67209123813304
"Bacteria|Firmicutes|Clostridia|Oscillospirales|Oscillospiraceae|UCG-002",TRUE,TRUE,0.000699698823768346,0.000370464647169479,0.004052422354325,0.00343297239710384,-0.864710284481239,-2.19720600967959
"Bacteria|Firmicutes|Clostridia|Oscillospirales|Oscillospiraceae|UCG-005",TRUE,FALSE,0.0119204735441744,1,0.0360205613617443,1,0.618131356973643,0
"Bacteria|Firmicutes|Clostridia|Oscillospirales|Ruminococcaceae",FALSE,FALSE,0.747019448293117,0.749630642820053,0.830685626501946,0.927717292070323,-0.0912413626808275,0.196835367039534
"Bacteria|Firmicutes|Clostridia|Oscillospirales|Ruminococcaceae|Anaerofilum",FALSE,FALSE,0.760579928709108,0.48537042625423,0.832445748744615,0.725446120960623,-0.0674987045497378,-0.408746722545091
"Bacteria|Firmicutes|Clostridia|Oscillospirales|Ruminococcaceae|Anaerotruncus",FALSE,TRUE,0.567894505327226,0.00478609339943997,0.680628043948356,0.0277194576050898,0.138770988849502,1.72223364290092
"Bacteria|Firmicutes|Clostridia|Oscillospirales|Ruminococcaceae|DTU089",TRUE,FALSE,1.64363807184396e-10,0.171995878310855,1.52237626193971e-08,0.351579810076601,-1.88568235770499,0.938879326044316
"Bacteria|Firmicutes|Clostridia|Oscillospirales|Ruminococcaceae|Faecalibacterium",FALSE,TRUE,0.26199063187853,0.00512318757898913,0.375429874547585,0.0279001290479646,0.329946268802208,1.65224727700513
"Bacteria|Firmicutes|Clostridia|Oscillospirales|Ruminococcaceae|Incertae_Sedis",FALSE,TRUE,0.212492970931615,0.0063623054510126,0.314218329356324,0.0327540910255834,0.343468921777878,1.66367230470867
"Bacteria|Firmicutes|Clostridia|Oscillospirales|Ruminococcaceae|Negativibacillus",FALSE,TRUE,0.0861083215103702,1.22810093780766e-09,0.173464589709297,1.70706030355265e-07,0.415387800930728,5.12527989538622
"Bacteria|Firmicutes|Clostridia|Oscillospirales|Ruminococcaceae|Paludicola",TRUE,FALSE,1.94099865130846e-05,0.050904139926624,0.000207537548101443,0.153819031517407,1.16934913280169,1.2829954560105
"Bacteria|Firmicutes|Clostridia|Oscillospirales|Ruminococcaceae|Ruminococcus",FALSE,TRUE,0.802944200664631,5.19254547608042e-05,0.858532645326028,0.000665698854193226,-0.0675320887082798,2.51606167848399
"Bacteria|Firmicutes|Clostridia|Oscillospirales|Ruminococcaceae|Subdoligranulum",FALSE,FALSE,0.621955913483052,0.551291385347983,0.726486319110455,0.785821729112733,0.156834697578657,0.402629947271844
"Bacteria|Firmicutes|Clostridia|Oscillospirales|Ruminococcaceae|UBA1819",FALSE,FALSE,0.203552365080572,0.142260778796384,0.304234180066662,0.324168004142579,-0.410926687097627,-0.98394775557659
"Bacteria|Firmicutes|Clostridia|Oscillospirales|UCG-010|UCG-010",FALSE,FALSE,0.0556907691448608,1,0.119092567863625,1,-0.451615608464961,0
"Bacteria|Firmicutes|Clostridia|Peptostreptococcales-Tissierellales|Anaerovoracaceae|Eubacterium_brachy_group",FALSE,FALSE,0.574236224300639,0.153476289758972,0.682212266476827,0.338396456432322,0.127880186187862,-0.849027174055053
"Bacteria|Firmicutes|Clostridia|Peptostreptococcales-Tissierellales|Anaerovoracaceae|Eubacterium_nodatum_group",FALSE,FALSE,0.595232674997953,1,0.701163913768775,1,0.123095638533015,0
"Bacteria|Firmicutes|Clostridia|Peptostreptococcales-Tissierellales|Anaerovoracaceae|Family_XIII_AD3011_group",TRUE,TRUE,0.00352193553626566,7.08953649411133e-05,0.0128828694616033,0.000821204643901229,-0.720257754762232,-2.3861881641408
"Bacteria|Firmicutes|Clostridia|Peptostreptococcales-Tissierellales|Family_XI|Anaerococcus",TRUE,FALSE,9.10635181236033e-06,0.826402044497467,0.000115071172901644,0.965293144413008,-1.22417448164695,-0.13031970393364
"Bacteria|Firmicutes|Clostridia|Peptostreptococcales-Tissierellales|Family_XI|Finegoldia",FALSE,FALSE,0.107518907490389,0.542828642374863,0.199268375215521,0.785821729112733,0.374004091896512,-0.367733371025903
"Bacteria|Firmicutes|Clostridia|Peptostreptococcales-Tissierellales|Family_XI|Parvimonas",FALSE,FALSE,0.974187527697925,0.223973326131559,0.974187527697925,0.420706653139009,0.00808205813282645,-0.770187338974185
"Bacteria|Firmicutes|Clostridia|Peptostreptococcales-Tissierellales|Peptostreptococcaceae",TRUE,FALSE,3.63174219204899e-05,1,0.00036058011763915,1,-1.16376789287876,0
"Bacteria|Firmicutes|Clostridia|Peptostreptococcales-Tissierellales|Peptostreptococcaceae|Intestinibacter",TRUE,TRUE,0.00459595693556683,0.00877529683855303,0.0163804618985587,0.0393472987277055,-0.719924646790803,-1.61711431558597
"Bacteria|Firmicutes|Clostridia|Peptostreptococcales-Tissierellales|Peptostreptococcaceae|Peptostreptococcus",TRUE,TRUE,2.63056138374111e-09,0.000211963745969178,1.21882677446671e-07,0.00210449719212255,-1.82990616611345,-2.47096262471518
"Bacteria|Firmicutes|Clostridia|Peptostreptococcales-Tissierellales|Peptostreptococcaceae|Romboutsia",TRUE,FALSE,0.0139082121149192,0.671932057649198,0.0394539078361994,0.880176924421956,-0.647703399353449,-0.243894307479033
"Bacteria|Firmicutes|Clostridia|Peptostreptococcales-Tissierellales|Peptostreptococcaceae|Terrisporobacter",TRUE,FALSE,0.00219680440627005,1,0.00932160378823714,1,-0.808037838035716,0
"Bacteria|Firmicutes|Negativicutes|Acidaminococcales|Acidaminococcaceae|Phascolarctobacterium",FALSE,FALSE,0.0364254733580849,0.0996546409791761,0.0846249570091248,0.247357055287598,-0.527106409111912,-1.12523080780666
"Bacteria|Proteobacteria|Alphaproteobacteria|Rhodospirillales",TRUE,FALSE,0.00167383156124434,1,0.00794559815337371,1,-0.793232598096965,0
"Bacteria|Proteobacteria|Alphaproteobacteria|Rickettsiales|Mitochondria|Mitochondria",FALSE,FALSE,0.14819359072773,0.0929910911932285,0.241125827359141,0.24388229577092,-0.342948583044019,-0.973882630612185
"Bacteria|Proteobacteria|Gammaproteobacteria|Burkholderiales|Oxalobacteraceae|Oxalobacter",FALSE,FALSE,0.518750928797932,1,0.638109549583297,1,0.139435101993143,0
"Bacteria|Proteobacteria|Gammaproteobacteria|Burkholderiales|Sutterellaceae|Parasutterella",TRUE,TRUE,0.00206084649290215,0.00157507332410153,0.00924056975849673,0.0109467596025057,0.899300660041359,-2.11266460158286
"Bacteria|Proteobacteria|Gammaproteobacteria|Burkholderiales|Sutterellaceae|Sutterella",FALSE,FALSE,0.134961300054104,1,0.231600255648401,1,0.43202661741632,0
"Bacteria|Proteobacteria|Gammaproteobacteria|Enterobacterales",FALSE,FALSE,0.850055784239476,0.296602669973081,0.888404165483362,0.521870520585547,0.0474654694430041,0.666820634028198
"Bacteria|Proteobacteria|Gammaproteobacteria|Enterobacterales|Enterobacteriaceae",FALSE,FALSE,0.828952700212913,0.385869610839319,0.872912313102991,0.626003701753415,-0.0682152104921027,-0.622725449576959
"Bacteria|Proteobacteria|Gammaproteobacteria|Enterobacterales|Enterobacteriaceae|Escherichia-Shigella",FALSE,FALSE,0.116305126317486,0.431609209515444,0.209953409845852,0.674086293512885,-0.416804294810557,0.490789760104983
"Bacteria|Proteobacteria|Gammaproteobacteria|Pseudomonadales|Pseudomonadaceae|Pseudomonas",FALSE,FALSE,0.0291749256530965,0.33478845398493,0.071145871329481,0.5745135198013,0.559182579758869,-0.579771856226382
"Bacteria|Verrucomicrobiota|Lentisphaeria|Victivallales|Victivallaceae|Victivallis",TRUE,FALSE,0.00641820319415373,1,0.0217592742435943,1,-0.674373880688501,0
"Bacteria|Verrucomicrobiota|Verrucomicrobiae|Verrucomicrobiales|Akkermansiaceae|Akkermansia",FALSE,FALSE,0.36154332751164,0.139087386267213,0.478614500229695,0.322219111519044,-0.257861455652102,-0.850362312938494
"Eukaryota",FALSE,FALSE,0.774315660193017,0.670543954463814,0.840858412240854,0.880176924421956,-0.063363707389234,-0.254319064084605
