Bacteria|Bacteroidota|Bacteroidia|Bacteroidales|Bacteroidaceae|Bacteroides	Bacteria|Firmicutes|Bacilli|Lactobacillales|Enterococcaceae|Enterococcus	Bacteria|Bacteroidota|Bacteroidia|Bacteroidales|Rikenellaceae|Alistipes	Bacteria|Bacteroidota|Bacteroidia|Bacteroidales|Tannerellaceae|Parabacteroides	Bacteria|Firmicutes|Bacilli|Erysipelotrichales|Erysipelotrichaceae|Clostridium_innocuum_group	Bacteria|Firmicutes|Bacilli|Lactobacillales|Streptococcaceae|Streptococcus	Bacteria|Firmicutes|Bacilli|Staphylococcales|Staphylococcaceae|Staphylococcus	Bacteria|Firmicutes|Clostridia|Lachnospirales|Lachnospiraceae|Lachnoclostridium	Bacteria|Actinobacteriota|Actinobacteria|Bifidobacteriales|Bifidobacteriaceae|Bifidobacterium	Bacteria|Firmicutes|Clostridia|Lachnospirales|Lachnospiraceae	Bacteria|Bacteroidota|Bacteroidia|Bacteroidales|Prevotellaceae|Prevotella_9	Bacteria|Firmicutes|Clostridia|Lachnospirales|Lachnospiraceae|Hungatella	Bacteria|Firmicutes|Bacilli|Lactobacillales|Lactobacillaceae|Lacticaseibacillus	Bacteria|Firmicutes|Clostridia|Oscillospirales|Ruminococcaceae|UBA1819	Bacteria|Firmicutes|Bacilli|Lactobacillales|Lactobacillaceae|Lactobacillus	Bacteria|Bacteroidota|Bacteroidia|Bacteroidales|Tannerellaceae|Tannerellaceae	Bacteria|Firmicutes|Clostridia|Clostridia_vadinBB60_group|Clostridia_vadinBB60_group|Clostridia_vadinBB60_group	Bacteria|Firmicutes|Bacilli|Erysipelotrichales|Erysipelotrichaceae|Holdemanella	Bacteria|Firmicutes|Clostridia|Oscillospirales|Ruminococcaceae|Subdoligranulum	Bacteria|Actinobacteriota|Coriobacteriia|Coriobacteriales|Coriobacteriaceae|Collinsella	Bacteria|Proteobacteria|Gammaproteobacteria|Enterobacterales|Enterobacteriaceae	Bacteria|Firmicutes|Bacilli|Erysipelotrichales|Erysipelatoclostridiaceae|Erysipelatoclostridium	Bacteria|Firmicutes|Bacilli|Erysipelotrichales|Erysipelotrichaceae|Holdemania	Bacteria|Proteobacteria|Gammaproteobacteria|Burkholderiales|Sutterellaceae|Parasutterella	Bacteria|Firmicutes|Clostridia|Lachnospirales|Lachnospiraceae|Blautia	Bacteria|Firmicutes|Clostridia|Oscillospirales|Ruminococcaceae|Incertae_Sedis	Bacteria|Firmicutes|Clostridia|Eubacteriales|Eubacteriaceae|Eubacterium	Bacteria|Firmicutes|Clostridia|Oscillospirales|Ruminococcaceae	Bacteria|Firmicutes|Clostridia|Oscillospirales|Ruminococcaceae|Faecalibacterium	Bacteria|Firmicutes|Bacilli|Lactobacillales|P5D1-392|P5D1-392	Bacteria|Firmicutes|Clostridia|Clostridiales|Clostridiaceae|Clostridium_sensu_stricto_1	Bacteria|Firmicutes|Clostridia|Lachnospirales|Lachnospiraceae|Ruminococcus_torques_group	Bacteria|Firmicutes|Bacilli|Lactobacillales|Lactobacillaceae|Limosilactobacillus	Bacteria|Proteobacteria|Gammaproteobacteria|Burkholderiales|Sutterellaceae|Sutterella	Bacteria|Firmicutes|Clostridia|Lachnospirales|Lachnospiraceae|Eubacterium_hallii_group	Bacteria|Firmicutes|Clostridia|Christensenellales|Christensenellaceae|Christensenellaceae_R-7_group	Bacteria|Verrucomicrobiota|Verrucomicrobiae|Verrucomicrobiales|Akkermansiaceae|Akkermansia	Bacteria|Firmicutes|Clostridia|Oscillospirales|Oscillospiraceae|Flavonifractor	Bacteria|Firmicutes|Clostridia|Lachnospirales|Lachnospiraceae|Eisenbergiella	Bacteria|Firmicutes|Clostridia|Lachnospirales|Lachnospiraceae|Ruminococcus_gnavus_group	Bacteria|Firmicutes|Clostridia|Oscillospirales	Bacteria|Firmicutes|Bacilli|Erysipelotrichales|Erysipelotrichaceae	Bacteria|Actinobacteriota|Actinobacteria|Corynebacteriales|Corynebacteriaceae|Corynebacterium	Bacteria|Proteobacteria|Gammaproteobacteria|Enterobacterales|Enterobacteriaceae|Escherichia-Shigella	Bacteria|Firmicutes|Bacilli|Erysipelotrichales|Erysipelotrichaceae|Solobacterium	Bacteria|Actinobacteriota|Actinobacteria|Actinomycetales|Actinomycetaceae|Actinomyces	Bacteria|Bacteroidota|Bacteroidia|Bacteroidales|Marinifilaceae|Butyricimonas	Bacteria|Firmicutes|Clostridia|Lachnospirales|Lachnospiraceae|Sellimonas	Bacteria|Bacteroidota|Bacteroidia|Bacteroidales|Marinifilaceae|Odoribacter	Bacteria|Firmicutes|Clostridia|Lachnospirales|Lachnospiraceae|Anaerostipes
1_S1	0.187951737001632	0.000272013678402114	0.215599984456361	0.132422087510686	0	0.0954962306675993	0.00115605813320898	0.00780096370560348	0.00413849382140359	0.00460480298437864	0	0	3.88590969145877e-05	0	3.88590969145877e-05	0.00455622911323541	0	0.00322530504391078	0.112497085567731	0.00272013678402114	0.0271236496463822	0	0	0	0.000291443226859408	0	0	0	0.00120463200435222	0	0.00075775238983446	0.00114634335898034	5.82886453718816e-05	0.0388299525919018	0	0	0.00394419833683065	0	0	0.000592601227947463	0	0	0.000262298904173467	0.00892787751612653	0.0901531048418435	2.91443226859408e-05	0.00195266961995803	0	0.000310872775316702	0.000709178518691226
10_S10	0.286852245620473	0.000949841872915475	0.0482044750504603	0.0251492223169665	0.242932852655779	0.00335682752814446	0.0328451002191113	0	0.000226666810582102	0.0707740131898496	0	0.0173238205230607	0.000831111638801041	0.0623765475406651	0	0	0.000129523891761201	0	3.23809729403003e-05	0.000280635098815936	0	0.000129523891761201	0.0558679719796647	0	0	0.0220514425723445	0	0.000356190702343303	0	0	0	0	0	0	0	0.051874318650361	0	0.0149168348678317	0	0	0.00662730579511479	0	0	0	0	0.000205079495288568	0.0100057206385528	0	0.000787937008213974	0
106_S14	0.180583501006036	0.000440140845070423	0.103156438631791	0.0395246478873239	0.0385940643863179	0.00147132796780684	0	0.0574698189134809	0.0361544265593561	0.021239939637827	0.000792253521126761	0.0248616700201207	0.000528169014084507	0.0300301810865191	0.0285588531187123	0	0	6.28772635814889e-05	0.00313128772635815	0.0203093561368209	0	0	0.000918008048289738	0	0.025716800804829	0.00365945674044266	0.00530684104627767	0.00045271629778672	0	0	0.000188631790744467	0.00364688128772636	0	0	0.00120724346076459	0.0005658953722334	0.0499622736418511	0	0.00313128772635815	0	0.000767102615694165	0	0	0	3.77263581488934e-05	0	0.000289235412474849	0	0.0479753521126761	0.0592178068410463
107_S15	0.0595038881779703	0.000258391573973816	0.0867703514125406	0.00586918003740526	0.000393739541293434	0.036753125307609	0	0.120188994979821	0.0626661088689832	0.015737277291072	0.0219263707057781	0.00221478491977557	0.0207574564425632	0.0124889260754011	0.343550054139187	0.000135347967319618	0	0	0.00396200413426518	0.00668126784132296	0.00114430554188404	0	0	0	0.0477163106604981	0.00615218033270991	0.00119352298454572	0.00141500147652328	0	0	0	0.0481715720051186	0	0	0.00188256718180923	0.00071365291859435	0.00777635594054533	0	0.000147652327985038	0	0.0011196968205532	0	0	0.00184565409981297	0.000553696229943892	0.000159956688650458	0.000123043606654198	0	0.00620139777537159	0.0233782852642977
108_S16	0.027501679439547	0.000411291317640285	0.0427880067451776	0.00335887909406232	0.000301613632936209	0.0395662247569954	8.22582635280569e-05	0.134972100738953	0.0434734922745781	0.0109540587598196	0.0465170480251162	0.00108306713645275	0.0209758571996545	0.0128185793997889	0.404121139002756	0.000109677684704076	0	0	0.00248145761642972	0.00441452680933906	0.00301613632936209	0	0.00157661671762109	0	0.0322589490135863	0.00463388217874721	0.00113790597880479	0.000863711767044598	0	0	5.48388423520379e-05	0.0542219053755775	0	2.7419421176019e-05	0.00268710327524986	0.000507259291756351	0.00566211047284792	0	0.000164516527056114	0	0.00108306713645275	0	0	0.00312581401406616	0.000918550609396636	9.59679741160664e-05	0.000123387395292085	0	0.0126266434515567	0.0256508685101658
109_S17	0.0672924035434987	0	0.0690284583184606	0.000251484570204757	0.000170360515299997	0.0055164357335237	0.025886685920109	0.0216520102540805	0.0465003082714086	0.00340721030599993	0.233061297335886	0.00349644676639517	0.0118278872051141	0.0168656910146997	0.107270337800565	0	3.24496219619041e-05	0	0.00055164357335237	0.00248239608008567	0	1.62248109809521e-05	0.263920887821657	0	0.0151215238342473	0.00940227796346173	0.00238504721419995	0.00055164357335237	0	0	0	0.0120712593698283	0	5.67868384333323e-05	0.000154135704319045	0.000194697731771425	0.000624655222766655	0	0.000235259759223805	0	0.000137910893338093	0	0	0	0	0	0	0	0.00175227958594282	0.05095401888568
110_S18	0.294780344202899	6.79347826086957e-05	0.0630548007246377	0	0	0.000373641304347826	0	0.00200407608695652	0.00538949275362319	0.000350996376811594	0.207110507246377	0	0.000656702898550725	0.000441576086956522	0.00842391304347826	0	0	0	0	0.000543478260869565	0	0	0.397803442028985	0	0.00126811594202899	0.000917119565217391	0.00107563405797101	4.52898550724638e-05	0	0	0	0.00116621376811594	0	0	0	6.79347826086957e-05	0.000283061594202899	0	4.52898550724638e-05	0	0	0	0	5.66123188405797e-05	0	0	0	0	7.92572463768116e-05	0.00957880434782609
111_S19	0.368188976377953	0.00020997375328084	0.0515018955963838	0	0	0	0.0711111111111111	0	0	0	0.172236803732867	0.0245319335083115	0.092435112277632	0.00943715368912219	0.179305920093322	0	0.00020997375328084	0	0	0	0	0	0.0298512685914261	0	0	0	0	0	0	0	0	0	0	0	0	0	3.49956255468066e-05	0	0	0	0	0	0	0	0	0	0	0	0	0
112_S20	0.412947697555429	0.000151009096077317	0.0232021034678795	0	0.0657244883456509	3.55315520181922e-05	0.281818504832291	0	0	0	0.0446009806708357	0.0029402359295054	0.019142623649801	0.00788800454803866	0.118071347356453	0	0.000177657760090961	0	0	0	0	0	0.0207593092666288	0	0	0	0	0.000710631040363843	0	0	0	0	0	0	0	0	0	0	0.000266486640136441	0	0	0	0	0	0	0	0	0	0	0
113_S21	0.250815660685155	0.145570715309704	0.0785382371842405	0.00558603984378862	0.0779944633941371	0.0527584161352514	0.0357531266992931	0	0	0.014212269514064	0.0172153838548618	0.0483835088239656	0.00694547431904691	0.0530920955064511	0.00353452963567156	0	0.000531415294873696	0	0	0	0.0177220821592763	0	0.0267685006673587	0	0	0.0298828414652232	0	0	0	0	2.47169904592417e-05	0	4.94339809184834e-05	0	0	0.000321320875970142	0	0	0.0661303079737011	0	0	0	0	0	0	0	0	0	0	0
118_S26	0.150895610524244	0.385407781641625	0.0871858801915885	0.203569319598452	0.0869365527196378	0	0.000498654943901319	0.0470179122104849	5.24899940948757e-05	0	0	0	2.62449970474378e-05	0	0	0	0.000170592480808346	0	0	0	0	0.032491306344728	0	0	0	0.00468473197296765	0	9.18574896660324e-05	0	0	0	0	0	0	0	0	6.56124926185946e-05	0	0	0	0	0	0	0	0	0	0	0	0	0
119_S27	0.341214691814818	0.329091838883374	0.0857624161477604	0.112745540414523	0.0880486117378095	9.02445627650934e-05	0	0.0355563577294468	0	0	0	0	0	0	0	0	0.000240652167373582	0	0	0	0	0	0	0	0	0.00499353247300183	0	0	0	0	0	0	0	0	0	0	0	0	0	0	0	0	0	0	0	0	0	0	0	0
120_S28	0.106376924071918	0.29545983701979	0.219221316776614	0.202483507954986	0	0.00130642866382098	7.76096235933256e-05	0.000116414435389988	0.000206958996248868	0	0	0	0.0473806752037253	3.88048117966628e-05	0.091902729271763	0	0.0105937136204889	0	0	0.000168154184452205	0	0.0116414435389988	0	0	0	0	0	0.00161686715819428	9.05445608588798e-05	0	0.000827835984995473	0	0.000258698745311085	0	0	0	0.000168154184452205	0	0	0	0	0	0	0	0	0	0	0	0	0
123_S31	0.0831918505942275	0.000271245014617092	0.216343014436262	0.000351613907836972	0	0.000612812810801579	0	0.0376729186968184	0.000431982801056851	0.00524407028259712	0	0.0164354386634653	0	0.00314443294722778	0.000381752242794426	0	0	0	0.019328718819381	0.000221014456354668	0.0234677168202047	0.00937302217176842	0	0	0	0.000190876121397213	0	0.00349604685506475	0.257361288313358	0	0.0211671572517857	0	0.0094533910649883	0.0396520026923579	0	0	0	0.00203936066545444	0.000482213359319275	0.00108498005846837	0.000251152791312123	0	0	0.000462121136014306	0	0	0	0	3.01383349574547e-05	0
124_S32	0.239302106793625	0.00226644239815264	0.0100920831313966	0.00477520882629643	0	0.0346380819340308	0.000698463380562762	0.000798243863500299	0.0476523077800268	0.0385580294780055	0	0	0	0.000199560965875075	0.12368503577843	0	0.00112609402172364	0.00121162014995581	0.002280696752858	0.0232345981697409	0.0548650112609402	0.00350657125751917	0	0	0.00219517062462582	0.000940787410553924	0	0.00480371753570716	0.00500327850158223	0	0.018245574022864	0	0.116500841006928	0.00299341448812612	0.0004561393505716	0.0005701741882145	0.00206688143227756	0	0.000128289192348262	0.0132422955212818	0	0	0	0.0302619950394846	9.97804829375374e-05	0.00165350514582205	0.00106907660290219	0	0.00287937965048322	0.00128289192348262
125_S33	0.265733966084264	0	0.146578967101951	0	0	0.132834845579492	0	0.00029994965130853	0.000160687313200998	0.000257099701121597	0	0.000246387213574864	0	0.0376543937267673	0.000846286516191925	0	0	0	0.000824861541098458	0.000139262338107532	0.000514199402243195	9.6412387920599e-05	0	0	0	3.21374626401997e-05	0	0.00614896785182487	0.0385221052180527	0	0.000353512089042196	0	0.00164972308219692	0.123932768428157	0	0	6.42749252803994e-05	0.000139262338107532	0	9.6412387920599e-05	7.49874128271326e-05	0	0	0.000235674726028131	0	0	0	0	0	0
131_S6	0.000267045385577121	0	0.00038842965174854	0.0297876989184662	0	0.194166272167802	0.254955512666448	9.71074129371351e-05	0.000934658849519925	0	0	0	0.00195428668535984	0	0.00460046368789678	0	0.14822232742192	0	0	0	0.000109245839554277	0	0	0	0	3.64152798514257e-05	0	0	0.000145661119405703	0.00257334644283408	0	0	3.64152798514257e-05	0	0	0	0	0	0	0	0	0	0.000873966716434216	0	0	0.012065596057439	0	0	0.000267045385577121	0
132_S7	0.544785330649735	0.321587029767928	0.000389195921226746	0.0341825217671719	0.000289116970054154	0.00846223131581581	0.01544551813097	7.78391842453491e-05	0.00160126321876147	0.000289116970054154	0	0	0	0.000100078951172592	0.000222397669272426	0.000100078951172592	0	0	0	0.000122318718099834	0	0	0	0	0	0	0	2.22397669272426e-05	0	0.000111198834636213	0	0	0	0	0	5.55994173181065e-05	0	3.33596503908639e-05	0	0	0	0.000155678368490698	0.0283112232983798	0.000155678368490698	0	0.000956309977871432	0	0	0	0
133_S8	0.000161879238088386	0.000719463280392827	0	0	0	0.119754663021386	0.437235822076731	7.19463280392827e-05	0	0	0	0	0	0	2.6979873014731e-05	0	0.000350738349191503	0	0	0	0	0	0	0	0	0	5.3959746029462e-05	0	0	0.253907584941634	0	0	0	0	0	0	0	0	0	0	0	0	0.0372232314693239	0	0	0.00752738457110995	0	0	0	0
134_S9	0.0021510946932156	5.63113794035499e-05	0.000281556897017749	0.000236507793494909	0.000461753311109109	0.315602757005136	0.015688350301829	3.37868276421299e-05	0.000596900621677629	4.50491035228399e-05	0	0	0.00128389945040094	0	5.63113794035499e-05	0.000225245517614199	0.00281556897017749	0	0	0	0.000518064690512659	0	0	0	0	0	0	0	0	0.251509144968015	0	0	3.37868276421299e-05	0	0	0	0	0	0	0.00016893413821065	0	0	0.0450603657987206	0	0	0.0469974772502027	0.00019145868997207	0	0.00013514731056852	0
138_S12	0.306718835262565	0.00112619149899572	0.0280967363666972	0.0776027214359522	0.00191568657045663	0.00131195504522181	0.000348306649173933	0.0328337067954627	0.0276903786093277	0.027016985754258	0	0.000777884849821783	0	0.00420290023336546	0	0	0	0.0649011389627428	0.00400552646550023	0.0319397197292496	0.0502606494757985	0	0.000127712438030442	0	0.0259604555850971	0	0	0.0185531341793315	0.000197373767865229	0	0.0569133064750206	0.00765113606018739	0	0.00143966748325226	0.00116102216391311	0.000952038174408749	0	0	0.0254263853896971	0	0.00074305418490439	0	0.000139322659669573	0.0230927308402317	0	6.96613298347865e-05	0.000777884849821783	0	0.00053407019540003	0
139_S13	0.468701069758784	0.419231569381029	0	0.0746531769755499	0	0	0.0173657874278707	0	0	0	0	0	0	0	0	0	0	0	0	0	0	0	0	0	0	0	0	0	0	0	0	0	0	0	0	0	0	0	0	0	0	0	0.0188330103253074	0	0	0	0	0	0	0
140_S14	0.14134421462408	0	0.038281506495943	0.0817785282116223	0.00392101683785939	0.005637634257305	0	0.024661132217063	0.0330097087378641	0.0189015524600159	0	0.00430561418319966	0	0.00919281459593828	0	0	0.000140706345856198	0.0888326063505464	0.00235448618732705	0.0390413207635664	0.0871159889311008	0	3.75216922283195e-05	0	0.0319966230476995	0.000253271422541157	0	0.030186201397683	0.000206369307255757	4.69021152853994e-05	0.103850663664931	0.00198864968810093	0	0.00597532948735988	0.000572205806481872	0.000956803151822147	0	0	0.0323249378546972	0	0.00118193330519206	0	2.81412691712396e-05	0.0393227334552788	0	0.000159467191970358	0.00075043384456639	0	0.000159467191970358	0
146_S49	0.194071728635024	0.251583171358706	0.00865258009906577	0.28877986080632	0.0691109160448931	0.000360524170794407	0.00010972474763308	0.0364442911781303	0.0336071227036178	0.0144209668317763	0	0	0	0	0	0	0	0	0	0.0251269672079754	0.000423224026584739	0.000485923882375071	0	0	0.000423224026584739	0.00658348485798483	0	0	0	0	0	0	6.26998557903317e-05	6.26998557903317e-05	0	0	0.000203774531318578	0	0	0.0615869333500533	0	0	0	0	0	0	0	7.83748197379146e-05	0	0.000971847764750141
148_S51	0.277139238315515	0.404278083280231	0.0020454241501656	0.17159535216697	0.0736824715017347	1.57340319243508e-05	7.86701596217539e-05	0.00413018338014208	0.0188100351655614	0.0168590152069419	0	0	0	0	0.000125872255394806	0	0	0	0	0.020407039405883	0.000157340319243508	0.00110138223470455	0	0	0.000385483782146594	0.000841770707952766	0	0.000558558133314452	0	0	0	0	0.000141606287319157	0	0	0	0.000133739271356982	0	0	0.00238370583653914	0	0	0	0	0	0	0	0	0	0.00109351521874238
149_S86	0.230609693314702	0.340457453850114	0.00564830477311172	0.222048981392954	0.126292564536295	0	0	0.00285357064058248	0.0199749944840774	0.0166801500330955	0	0	0	0	0.000132382143119806	0	0	0	0	0.0195925571817313	0.000264764286239612	0.00457453850113996	0	0	0.000323600794292859	0.000323600794292859	0	0.000632492461572406	0	0	0	0	0	0	0	0	0	0	0	0.00136794881223799	0	0	0	0	0	0	0	0	0	0.00104434801794514
150_S87	0.281785269386484	0.181018374338212	0.0327195577701651	0.167081905948303	0.120737309249455	5.83930239800685e-05	0.00299750856431018	0.0195227343506696	0.000739644970414201	0.0909957957022734	0	0	0	0.0129827156649019	0	0	0	0	0	0	0	0.00373715353472438	0	0	0	0	0	0	5.83930239800685e-05	0	0	0	0	0	0	0	0	0	0	0.0646800062285892	0	0	0	0	0	0	0	0	0.0190750545001557	0
151_S88	0.259615903813964	0.133209740996058	0.034899836210155	0.157706222214223	0.138627405100884	5.39966522075631e-05	0.00896344426645548	0.036627729080797	0.00259183930596303	0.0522687593369211	0	0	0	0.0220846307528933	0	0	0	0	0	0	0	0.0663618855630951	0	0	0	0	0	0	0	0	0	0	0	0	0	0	0	0	0	0.0577044223258158	0.000161989956622689	0	0	0	0	0	0	0	0.00655159380118433	0
152_S89	0.226395354126548	0.0951615593395096	0.0276720595593698	0.215735925156556	0.177904808115116	7.58138618064927e-05	0.00180436991099453	0.05231156464648	0.00732361905050719	0.0594077421115677	0	0.000242604357780777	0	0.0218495549726312	0	0	0	0	0	0	0	0.0338887962275022	0.00247153189489166	0	0	0.00548892359479007	0	0.00010613940652909	0	0	0	0	0	0	0	0	0	0	0	0.0114175675880578	0	0	0	0	0	0	0	0	0.00712650300981031	0
162_S76	0.292513739332469	0.271647826281221	0.120693892140655	0.0646530539296725	6.70211339975872e-05	0.00255797328090791	0.000234573968991555	0.0842790760019659	3.35105669987936e-05	0.0036638219918681	0	0.00269201554890309	0	0.0400339573745588	0	0.00487020240382467	0.00115052946695858	0	0.000469147937983111	0	0	0.00466913900183191	0.00214467628792279	0	0	0.00308297216388901	0.000201063401992762	0.0188105982753228	0	0	0	0	0	0	0	0.004222331441848	0	0.0405366158795407	0	0	0.000111701889995979	0	0	0	0	0	0.00546222242080336	0	0	0
163_S77	0.312922333418869	0.320363955179198	0.149826789838337	0.0914592421520828	0.000459755367376614	0.0092378752886836	0.000406295440937473	0.043452228209734	0.000277991617483534	0	0	0.000192455735180908	0	0.000320759558634847	0	0.00549568043794372	0.000566675220254897	0	0	0.000523907279103584	0	0.000128303823453939	7.48438970147977e-05	0	0	0.0027264562483962	7.48438970147977e-05	0.000673595073133179	0	0	0	0.000160379779317424	0	0	0	0.00166794970490121	0	0.0270934907193568	0	8.5535882302626e-05	0	8.5535882302626e-05	0	0	0	0	0.00024591566162005	0	8.5535882302626e-05	0
164_S78	0.319397163120567	0.168486997635934	0.116111111111111	0.0347754137115839	0.00137115839243499	0.135390070921986	0.0233333333333333	0.00195035460992908	0.000957446808510638	0.00310874704491726	0	0	0	0.035661938534279	0.000933806146572104	0.0180851063829787	0.00118203309692671	0	0	0	0	0.0133215130023641	0.000153664302600473	0	0.000697399527186761	0.00620567375886525	0.00865248226950355	0.00812056737588653	0	0	0	3.54609929078014e-05	0	0	0	0	0	0.027919621749409	0	0	0.0134988179669031	0.00153664302600473	0	0	0	0	0.000260047281323877	0.000614657210401891	0.000212765957446809	0
165_S79	0.380455801804173	0.183373662309787	0.121807008129917	0.0298670662441405	0.00359417237853216	0.0790920411861781	0.0551173927569833	0.00775531279424122	0.00242986301647245	0.00242986301647245	0	0	0	0.0229318322179587	0.00135667351753045	0.00210588128094279	7.0871004647113e-05	0	0	0	0	0.0171001609784248	0.000253110730882547	0	0.000678336758765225	0.0054266940701218	0.00680361644612285	0.00427250913729739	0	0	0	0	0	0	0	5.06221461765093e-05	0	0.00384728310941471	0	0.000101244292353019	0.00885887558088913	0.00580129795182797	0	0	0	0	0.00011136872158832	0.000485972603294489	9.11198631177167e-05	0
166_S80	0.221345951629863	0.0584597666616594	0.0846978118271494	0.0406839917880927	0.0081868709628962	0.0821691452606279	0.0138450753592709	0.0400080116168444	0.000100145210555305	0.0251114115467428	0	0.000751089079164789	0	0.0646687697160883	0.004756897501377	0.0146212007410746	0.00858745180511742	0	0.00588353112012418	0	0	0.0359521305893546	0.00197786790846728	0	0.00117670622402484	0.00996444845025287	0.0183265735316209	0.0238595964148015	0	0	0	0	0	0	0	0	0	0.0266135897050724	0	0.000100145210555305	0.0145460918331581	0.0716789344549597	0	0	0	0	0.0151719993991287	0.00100145210555305	0.0052325872515147	0
167_S81	0.254361489519874	0.0910723423153789	0.126031841045792	0.0297556407310503	0.00647827220328838	0.082865887214343	0.00943259603966132	0.0146267993859641	0.000685480367263002	0.0123676105699142	0	0	0	0.055031522442241	0.00112959440802495	0.0227270533033395	0.00111993975496491	4.82732653002114e-05	0.000453768693821988	0	0	0.0352394836691544	0.000521351265242284	0	0.00234608069359028	0.0227560172625197	0.0313872770981975	0.0162777450592313	0	0	0	0	0	0	0	7.72372244803383e-05	0	0.0172818289774757	0	0.00105235718354461	0.0199561678751074	0.0485049769736524	0	0	0	0	0.0076947584888537	0.00138061538758605	0.00517489404018267	0
168_S82	0.289420310987977	0.187799090631918	0.11796598486154	0.0184789957182815	0.0408950514999271	0.00177631666158516	0.00375147474051195	0.0827312857086045	0	0.0315229926958919	0	0	0	0.0263663719394992	2.6512188978883e-05	0.012248631308244	0	0	0	0	0	0.0238212017975264	0	0	0	0.0330076752787094	0.00326099924440261	0.00601826689820645	0	0	0	0	0	0	0	0	0	0.0450176968861434	0	0.00287657250420881	0.00043745111815157	0	0	0	0	0	0	0	0	0
169_S83	0.262384598063499	0.137093747654432	0.189493732642798	0.0320592208961945	0.0181922239735795	0.00039405539292952	0.000262703595286347	0.0347425504766194	7.50581700818134e-05	0.0370412069353749	0	0.00125722434887037	0	0.00863168955940854	0	0.0133603542745628	0	5.62936275613601e-05	0	0	0	0.0524093672596262	0	0	0	0.0180984012609773	0.0132290024769196	0.0135573819710275	0	0	0	0	0	0	0	0	0	0.00719620205659386	0	0.0130882684080162	0.0306331156646401	0	0	0	0	0	0.00674585303610298	0	0	0
170_S84	0.190492735719157	0.0422216216911812	0.166261308213978	0.0386055669227503	0.0241027422821037	0	0.000334581579997169	0.0146572469083375	0	0.0348479584089359	0	0.000952270650761173	0	0.0182475646321533	0	0.00918812492761456	0.000115816700768251	0	0	0	0	0.104801245672959	0.00557207015918362	0	0	0.0195086798182965	0.0505732926688028	0.0250421444105573	0	0	0	0	0	0	0	0.000180159312306168	0	0.0029468916084366	0.000128685223075834	0.0390945707704384	0.0331235764197197	0.0322227798581889	0	0	0	0	0.0110540606622142	0	0	0
177_S91	0.331185085966492	9.88120594629016e-05	0.040666652027843	0.025537427812301	0.0479897235458159	0.000406227355569706	0	0	0.135328604993303	0.0918622779473442	0	0	0	0.0938934147251927	0.00635690915878	0.000494060297314508	0	0	0	0.000834412946575613	0	3.29373531543005e-05	0.00425989767462287	0	0.0332008519795349	0.00738894622428142	0	0.0065874706308601	0	0	0.000318394413824905	8.78329417448014e-05	0	0	0	0.0284139566544433	0.000164686765771503	0	0.00136141059704442	0	0.00062580970993171	0.0520959135723853	0	0	0	0	0.000362310884697306	0.00830021299488373	0.00218484442590193	0
178_S92	0.343218064485346	0	0.0384454808965443	0.0223539656221297	0.0206481934321806	0.000393639736142092	0	0	0.112736034735725	0.0838094783677072	0	0	0.000107356291675116	0.119022342037145	0.00688273114406021	0.000333997351878139	0	0	0	0.000596423842639533	8.34993379695347e-05	0	0.00145527417604046	0	0.0357615736046664	0.00778929538487231	0	0.00699008743573533	0	0	0	0	0	0	0	0.023761525890759	0.000143141722233488	0	0.0008946357639593	0	0.000405568212994883	0.062338220032684	2.38569537055813e-05	0	0	0	0.000429425166700464	0.00949506757482137	0.00232605298629418	0
18_S17	0.00505686233732118	0.000448769168463568	0.171594006195204	0.00146670898961264	0.00814351856919254	0.455960420748459	0.000197020610544981	0.000974157463250183	0.0521557338470463	0.00158711047383457	0	0	0.000722408905331597	0	0.00387473867405129	4.37823578988846e-05	0.0252843116866059	0	0.00112739571589628	0.00761813027440593	0.0214643009599282	0.000558225063210779	0	8.75647157977693e-05	0.00922713192718994	0.000197020610544981	0.0082748656428892	0.00444390932673679	0.00502402556889701	0	7.66191263230481e-05	0.00176223990543011	0.00386379308457657	0	0.00525388294786616	0.00102888541062379	0.00885498188504942	0	0	0.00175129431595539	0.000164183842120817	0.00075524567375576	0	0.000744300084281039	0	0.000131347073696654	4.37823578988846e-05	0.0014995457580368	0.000744300084281039	9.85103052724904e-05
2_S2	0.0901467688937568	0.000630887185104053	0.0418751369112815	0.0178138006571741	0	0.180705366922234	0.0107250821467689	0.0331391018619934	0.0100153340635268	0.00938444687842278	0.000201533406352683	0.000210295728368018	0.000113910186199343	0	0.000184008762322015	0.00128806133625411	0	0.0130733844468784	0.204521358159912	0.0116801752464403	0.0850295728368018	0	0	0	0.00124424972617744	0	0	0	0.00221686746987952	0	0.00252354874041621	0.00312814895947426	0.000315443592552026	0.00191018619934283	0	0	0.0125826944140197	0	0	0.00261117196056955	0	0	0.00259364731653888	0.0120043811610077	0.145621029572837	0.000192771084337349	6.13362541073384e-05	0	0.00051697699890471	0.00325958378970427
20_S18	0.828714297821849	0.000432240020340707	0.119323671497585	0	8.47529451648445e-05	0.0447326044580049	9.32282396813289e-05	0	0.00022883295194508	0.000271209424527502	0	0	0.000169505890329689	5.93270616153911e-05	0.000322061191626409	0	0	0.00015255530129672	0.000110178828714298	0	0	0.00015255530129672	0	0	0.000644122383252818	5.08517670989067e-05	0	0	0.00022883295194508	0	0	0	0.000110178828714298	0	6.78023561318756e-05	0.000169505890329689	8.47529451648445e-05	0	0	0	0	0	0	0	0	0	0	0	0	0.000186456479362658
21_S19	0.483252231217405	0	0.515962205686604	0	0	0.000240033168219609	0	0	0	0	3.27317956663103e-05	0	0	0	5.45529927771838e-05	0	0	5.45529927771838e-05	0	0	0	0	0	0	0	0	0	0	0	0	0	0	0	0	0	0	0	0	0	0	0	0	0	4.3642394221747e-05	0	0	0	0	0	0
22_S20	0.000228899115726574	0.911656988651423	8.4331253162422e-05	0	0	0.0112642459581235	0.0479001517962557	0	0	0	0	0	3.6141965641038e-05	0	0	0	0	0	0	0	0	0	0	0	0	0	0	0	0	0	0	0	0	0	0	0	0	0	0	0	0	0	0.0025660795605137	0	0	0.00327687155145411	0	0	0	0
23_S21	0.000223929686078571	0.902716547004241	8.39736322794642e-05	0.000153951659179018	0	0.00834138080642678	0.0668290156890736	0	0	0	0	0	0	0	0	0	0	0	0	0	0	0	0	0	0	0	0	0	0	0	0	0	0	0	0	4.19868161397321e-05	0	0	0	0	0	0	0.000937705560454017	0	0	0.00291108591902143	0	0	0	0
24_S22	0.000373366521468575	0.814685749844431	7.4673304293715e-05	0.000124455507156192	3.73366521468575e-05	0.00301182327317984	0.127566894835096	0	0	0	0	0	0	0	0	0	0	0.000124455507156192	0	0	0	0	0	3.73366521468575e-05	0	0	0	0	0	0	0	0	0	0	0	0	0	0	0	0	0	0	0.0421406347230865	0	0	0.000161792159303049	0	0	0	0
249_S75	0.0856353320463699	0.674783682348676	0	0.00112690962184833	0.000176385853854521	0	0.221697419866927	0	3.91968564121157e-05	1.95984282060579e-05	0	0	0	0	0.000284177208987839	6.85944987212026e-05	0	0.000117590569236347	0.000264578780781781	0.000117590569236347	0.000480161491048418	0.000176385853854521	0	4.89960705151447e-05	0	0	0	1.95984282060579e-05	0.00018618506795755	7.83937128242315e-05	0	0	0.000195984282060579	8.81929269272604e-05	0	0	0	0	0	0	0	0	0.0110045174377015	0	0	0	0	0	0	0
250_S76	0.123857999224583	0	0.0127844439363363	0.00639222196816813	0.00779393782743983	0.0159755842968059	0	0.0198725532105258	0.0375878557723852	0.0176357725840284	0	0.00299231541589208	0	0.00729687546599596	0	0	0.000288296169637443	0.0959330357586663	0.000626298575419272	0.0505114771699257	0.13769621536718	5.9647483373264e-05	0	0	0.0168007078168027	0.000417532383612848	0	0.0371603821415435	0	0	0.0977920489904663	0.00217713314312414	0	0.00481156365877663	0.000805241025539064	0.0012724796452963	0	0	0.0421608294976688	0	0.00239584058215944	0	0.000178942450119792	0.0623614438667475	6.95887306021413e-05	0.000725711047708045	6.95887306021413e-05	0	9.94124722887733e-05	0
251_S77	0.070365182735766	0.000411534518360215	0.0037182504729037	0.00314065816643322	0.0139705139127547	0.0104472008432848	0.00154505941980853	0.0251180454276349	0.0425468932753816	0.0223600421642384	0	0.00192049441901434	2.16597114926429e-05	0.00662787171674873	0	0	8.66388459705717e-05	0.0928118637459749	0.00059203211413224	0.0635279338079217	0.150462795835559	0.000194937403433786	0	5.05393268161668e-05	0.0224972203370251	0.000360995191544049	0	0.0212842764934371	0.000166057788110262	0	0.121474881954572	0.00249808672548482	0	0.00381210922270515	0.00147286038149972	0.00122738365124977	0	9.38587498014527e-05	0.0815488137698006	0	0.000613691825624883	0	0.000238256826419072	0.0650513335162376	2.16597114926429e-05	0.000801409325227788	7.94189421396907e-05	0	0	0
252_S78	0.00328975115984817	0.000295234078447912	0.000134964150147617	0.000489245044285112	0.000430198228595529	0.419063686208351	0.00868831716575285	0	0.000447068747363981	6.74820750738085e-05	3.37410375369043e-05	0	3.37410375369043e-05	0	0	7.59173344580346e-05	0	5.90468156895825e-05	0.000143399409531843	0	0.000312104597216364	5.90468156895825e-05	0	0	5.90468156895825e-05	0	0	1.68705187684521e-05	5.90468156895825e-05	0.213538591311683	4.21762969211303e-05	0	8.43525938422607e-05	5.90468156895825e-05	0	0	0	0	0	3.37410375369043e-05	0	0	0.0474905103331927	0	5.90468156895825e-05	0.0799915647406158	0	0	0	5.06115563053564e-05
256_S80	0.542745508382127	0	0.062860386935904	0	0.0536433866910079	0.000111316428078456	0	0.115691163701939	0.0143598192221208	0.0177661019213215	0	0.00461963176525592	0	0.00375136362624396	0	0	4.45265712313823e-05	0	0	0	3.33949284235367e-05	0.000623371997239353	0.00317251820023599	0.102010374691097	0	0.014704900149164	0	0.0153727987176347	0	0	0	0.000667898568470735	0	0	0.000423002426698132	0	0	0	0	0	0.00057884542600797	0	0	0	0	0	0	0.000790346639357036	0	0
258_S81	0.456236766574131	0.000235260904342916	6.58730532160166e-05	0	0.127464357972992	0.00139274455371006	0.015376652707853	0.139622641509434	0.0569990119042018	0.0246741636474851	0	0.0002258504681692	0	0.0019197289794382	0	0	0	0	0	0	0	0.00019761915964805	7.52834893897332e-05	0.142756316755282	0	0.00199501246882793	0	0.00590975391709406	0	0	0	0.000244671340516633	0	0	0.00121394626640945	0	0	0	0	0	0	0	0.000244671340516633	0	0	0.00014115654260575	0	7.52834893897332e-05	0	0
259_S82	0.669514289114432	0.0010370445929175	3.40014620628687e-05	0	0.110700260111185	0.00220159466857075	0.000187008041345778	0.0876387684670441	0.00136005848251475	0.0176637595416603	0	8.50036551571718e-05	0	0.00123255299977899	0	0	0	0	0.00099454276533891	0	0.0011900511722004	5.95025586100202e-05	0	0.0953145985277367	0.000229509868924364	0.000476020468880162	0	7.65032896414546e-05	0.000433518641301576	0	0	0.00434368677853148	0	0	0.000280512062018667	0	0	0	0	0	0	0	0	0	0	0	0	0.00011900511722004	0	0
261_S84	0.672749210627346	0.00557849458995714	0.000368243322651665	0.000564117430445104	0.181873026568364	0.00314182068900676	0.000368243322651665	0.0830427867401064	0.0015434879694123	0.000955865646031982	0	0.00256203332993818	0	0	0	0	0	0	0.000540612537509892	0	0.00067380693080943	2.35048929352127e-05	0	0.0315905761049258	0.000188039143481701	3.13398572469502e-05	0	0.000728651680991593	0.000423088072833828	0	0	0.000156699286234751	0	0	0	0	0	0	0	0	0	0	9.40195717408507e-05	0	0	0	0	0	0	0
263_S86	0.704401863342323	0.00414914282481187	0.000160307790958641	0.000311185711860891	0.103860588801086	0.000782679214680422	8.48688305075156e-05	0.0942704109537371	0.000132018180789469	0.000876977915244328	0	0.0659808007845652	1.88597401127812e-05	5.65792203383437e-05	0	0	0	0	0.000311185711860891	0	0.000424344152537578	0	0	0.0198121569884767	0	5.65792203383437e-05	0	8.48688305075156e-05	0.000103728570620297	0	0	0	0	4.71493502819531e-05	0	0	0	0	0	0	0	0	0	0	0	0	0	7.5438960451125e-05	0	0
264_S87	0.397614207288131	0.000295537385479263	0.0731768477803351	0.000376138490609971	0.0729081774298994	0.00274939325279193	0.114104297830039	0.149389670520594	0	0.000367182812262115	0	0	0	0.076302379523737	0	0.000877656478089933	0.023831060083646	0	0.0156813927870967	0.000286581707131407	0.000197024923652842	0	0	0	2.68670350435694e-05	0	0	0.0160933539910981	0.000170157888609273	0	0	0.000465695274088536	0	0.000161202210261416	0	0	6.26897484349952e-05	0	0	0	0.00154037667583131	0	0.000188069245304986	0	0	2.68670350435694e-05	0.000376138490609971	0	0.0101020051763821	0.000188069245304986
265_S88	0.729600329755695	3.96340980071976e-05	2.37804588043185e-05	0	0.125077286491114	0.00494633543129825	0.00016646321163023	0.0329200818047783	0.000507316454492129	0	0	0.0108201087559649	2.37804588043185e-05	0	0	0	0	0	2.37804588043185e-05	0	0	0	0	0.0786419772658814	0	0	0	0	0	0	0	0	0	0	0	0	0	0	0	0	1.5853639202879e-05	0	0.00032499960365902	0	0	0.000261585046847504	0	0	0	0
266_S89	0.504332160933345	0	0.213820022304195	0	0	0	0.281496096765892	0	0	0	0	0	0	0	0	0	0	0	0	0	0	0	0	0	0	0	0	0	0	0	0	0	0	0	0	0	0	0	0	0	0	0	0	0	0	0	0	0	0	0
267_S90	0.464442909573532	0	0.189181868660193	0	4.0628935928168e-05	0	0.346212706022563	0	0	0	0	0	0	0	0	0	0	0	0	0	0	0	0	0	0	0	0	0	0	0	0	0	0	0	0	0	0	0	0	0	0	0	0	0	0	0	0	0	0	0
269_S92	0.59923979832992	0.000147707578383488	0.0554888136127304	0	3.93886875689302e-05	0.000285567984874744	0.344660863400031	0	3.93886875689302e-05	0	0	0	0	0	0	0	0	2.95415156766977e-05	0	0	0	0	0	0	0	0	0	0	0	0	0	0	0	0	0	0	0	0	0	0	0	0	0	0	0	0	0	0	0	0
27_S25	0.133947000679478	0.00138459763336367	0.182407917847207	0.150151921129216	0.0647171190112947	0.000641017422853553	0	0.0153587774515711	0.0468583736105947	0.0168459378725914	0	0.00289739875129806	0	0.0230125254804426	0.000423071499083345	0	0.00230766272227279	0.0122306124280458	0.0824604812758811	0.017140805887104	0	0.0984859168472199	0	0	0.0315124165074807	0.0348841681516904	0	0.00178202843553288	0	0	0.01606389661671	0.000692298816681837	0.000371790105255061	0.000128203484570711	0.00119229240650761	0.00567941436648248	0.00071793951359598	0	0	0	0.000948705785823259	0	0	0.000141023833027782	0	0	0	0.00153844181484853	5.12813938282843e-05	0.00246150690375764
270_S93	0.164333639040402	0.0471955398947724	0.0584302746536661	0.0352608968479992	0.000494762755225177	0.233902109378771	0.0973596563208959	0.000277549838297051	0.00670946565622436	0.00295650914707728	0	0.000868851667712507	0.0074697108654728	0.0103779504754549	0.000687840903605734	0	0.06325722836318	0.00298064391562485	0	0.000229280301201911	0	0.00234107254911425	0	0	0.000687840903605734	0.000784379977796013	0.000410291065308684	0.0142395134430661	0	0	0	0	0	0	0.241576965776898	0.000229280301201911	0.00032581937539219	0	0	0	2.41347685475696e-05	0	0.000277549838297051	0	0	0.000144808611285418	8.44716899164937e-05	0	0.000229280301201911	0
271_S94	0.25813762191744	0.121304705467609	0.0144034648894559	0.120935385855059	0.00050361765347748	0.134214104651748	0.0123050579999664	0.0210008561500109	0	0.00334066376806728	0	0.0360422367338716	0.0306703150967785	0.0129261864392553	0.000184659806275076	0	0.0240225620708758	0	0	0	0.0796387382699055	0.000470043143245648	0	0	0.00614413537242525	0.00151085296043244	6.7149020463664e-05	0.0118685893669526	0	0	0.0366297906629287	0	0	0	0.050966106531921	0	0	0	0	0	0.000973660796723128	0	0	0	0	0	0	0.0008393627557958	0	0
272_S95	0.34956573379853	0.0663400390963304	0.0366095068418578	0.0362012223789375	0.0169376190829684	0.10632717194962	0.00106401405488333	0.0541162497216242	0.0136342266102492	0.0106277682923812	0	0.0243114839284389	0.0127929131715042	0.0088090465939178	0.000383539950016084	0	0.00371167693563952	0	0	0	0.0831044465889689	0.029297503278648	0.000556751540345928	0	0.0665256229431124	0.00321678667755425	0.000433028975824611	0.005728354737337	0	0	0.00540667606958157	0	0	0	0.00673050750995967	0.000581496053250192	0	0	0.00383539950016084	0	0.000791824412936431	0.000272189641946898	0	0.000903174721005617	0	2.47445129042635e-05	0.000173211590329844	0.00341474278078836	0	0
28_S26	0.304044436192598	0.150652927342493	0.151968065354623	0.0612544869414531	0.0713268968931799	0	0	0.0145902958286917	0.0747617279366258	0.0168492387671742	0	0.0011913603168709	0	0.0147450179477658	0	0	0	0	0.0409394727070182	0.0007581383834633	0	0.00131513801213021	0	0	0.00657569006065107	0.0116041589305607	0	0.00711721747741057	0	0	0.00360502537442753	0.00492016338655774	0	0	0	0.00105211040970417	0.000123777695259314	0	0.000185666542888971	0	0	0	0	0	0	0	0	0.0104437430375046	0	0
29_S27	0.194778693701718	0.204835862471051	0.205289325797205	0.0797771551654331	0.0132961925275722	0.000518243801318283	6.47804751647853e-05	0.0266895557678916	0.068213840348519	0.0350786273017313	4.8585356373589e-05	0.00181385330461399	0	0.0180089720958103	0	0	0	0	0.00544155991384197	0	0	0.00560351110175393	0.00471277956823813	0	0.00430790159845823	0.0259607754222877	0	0.00817853498955415	0	0	0.00114985343417494	0.013360973002737	0	0	0	0.000437268207362301	0	0	0.000809755939559817	0	0	0	0	0	0	0	0	0.00213775568043792	0	0
3_S3	0.204606976425439	0.000179893092105263	0.219323944627193	0.0356787966008772	0	0.103986773574561	0.00499417489035088	0.0138945997807018	0.00482284813596491	0.00510553728070175	0	7.70970394736842e-05	3.4265350877193e-05	0.000111362390350877	3.4265350877193e-05	0.00743558114035088	0	0.00390625	0.235994037828947	0.00513980263157895	0.0214329769736842	0	0	0	0.00019702576754386	0	0	0	0.000256990131578947	0	0.000813802083333333	0.00200452302631579	5.13980263157895e-05	0.0100654468201754	2.56990131578947e-05	0	0.00467722039473684	0	0	0.000788103070175439	0	0	0.00627912554824561	0.00772683662280702	0.0368952165570175	8.56633771929825e-05	0.00108792489035088	0	0.000102796052631579	0.000993695175438597
33_S31	0.123767841140794	0.300367537240743	0.0340783646540864	0.122495097338926	0.00496110339095313	0.0275717866465798	0.00136365407342952	0.0103637709580644	0	0.00854556552682502	0	0.0251951324043169	0.000597410355978649	0.00471434693957064	0	0.00459746230470526	0.0391563526799049	0	0.00228574397070092	0	0	0.000298705177989325	0	0	0.00716892427174379	0.0196755802023403	0.0231561448849985	0.0111949505837738	0.00800010389745321	0	0	0.00794815517084638	0	0.00350653904596164	0	0.00231171833400434	0	0.00405200067533345	0.0013246925284744	0.00876634761490409	0.00167534643307056	0	0	0	0	0	0.00902609124793828	0.00770139871946389	0.000987025805529942	0.0199612981986779
34_S32	0.15225596969492	0.233687343570317	0.0926469593451938	0.0493134005276331	0.0183859839004262	0.00420753568287898	0	0.0179530541838598	0	0.0122302644929987	0	0.000622336467564094	0	0.0249611039707772	0	0.0409795034837313	0.0564026246364067	0	0	0	0	0.00399107082459582	0	0	0.000135290536426977	0.00271933978218224	0.00357167016167219	0.00902387877967936	0	0	0	0.0442400054116215	0	0.0523439085435974	0	6.76452682134885e-05	0	0.00403165798552391	9.47033754988838e-05	0.000229993911925861	0.000338226341067442	0	0	0	0	0	0.0139484543056213	0.000960562808631536	0.000865859433132652	0.00239464249475749
35_S33	0.0678684277430055	0.277381629762352	0.0512100337768308	0.229065023425867	0.111536179949395	0.00535102480599509	0	0.0361133642449849	0	0.00191280977227879	0.000108957518674108	0.00796600525417368	0	0.0136075834432997	0	0.0209561627583201	0.000290553383130955	0.000193702255420637	0	3.63191728913694e-05	0	0	0	0	0.000193702255420637	0.00901926126802339	0.0140918390818513	0.00840183532887011	0	0	0	0.000121063909637898	0	0	0	0.000145276691565477	0	9.68511277103183e-05	0.000145276691565477	0.000338978946986114	0.00127117105119793	0	0	0	0	0	0.0242975266643261	0.0203024176462755	0.00135591578794446	0.00161014999818404
38_S36	0.116404573221067	0.105755737163612	0.0357540861812779	0.134183589235595	0.00168193825326069	0.00285826316658412	0.00105250123823675	0.014002393924385	0.0451853227670464	0.0143119531121017	0.0736234934786198	0.00758420009905894	0	0.0637485553904573	0	4.12745583622255e-05	0	0.112297754664025	8.25491167244511e-05	0.0678553739474988	0	0	0.00204309063893016	0.0160661218424963	0.0231240713224369	0.0143945022288262	0	0.00106281987782731	0	0	0	0.016468548786528	0	0	0.0153644543503385	0	0	0	0.00338451378570249	7.22304771338947e-05	0.000557206537890045	0	0	0.00011350503549612	8.25491167244511e-05	0	0.00198117880138683	0.00512836387650652	0.00522123163282153	0
39_S37	0.102492536118324	0.00451836515253772	0.00391210349915924	0.0615069605701147	0.0121938664622917	4.57555964813946e-05	0.00595966644170165	0.0616327884604386	0.0294094096384164	0.0123997666464579	0.254035071664703	0	0	0.000663456148980222	0.00168151817069125	8.00722938424406e-05	0	0.130506400064058	0	0.0940391896683863	0	0	8.00722938424406e-05	0.181672595829377	0.0102950092083138	0.00671463378364466	0	0.000857917434026149	0	0	0	0.000777845140183709	0	0	0.000617700552498828	0	0	0	0	0	0	0	4.57555964813946e-05	0	0	0	0.000915111929627893	0.00102950092083138	0	0
4_S4	0.253601444651125	0.000563468248903613	0.0788108783315909	0.00124234565722122	0	0.259989681063394	0.000278339737410218	0.00443985825039714	0.00587907835603047	0.0104954447325902	0	0	6.10989667485845e-05	0.000142564255746697	0.000142564255746697	0.000162930577996225	0	0.0210995098505112	0.209263961113902	0.0134214063624391	0.0142767918969193	0	0	0	0.00143922010563332	0	0	0	0.00102510488655959	0	0.00129665584988663	0.00532239888121003	0.000434481541323268	0	4.75214185822324e-05	0	0.00745407394332731	0	0	0.00340117581567121	0	0	0.000515946830321381	0.00530882133304368	0.00086217430856336	0.000366593800491507	0	0	1.35775481663521e-05	0.00535634275162591
40_S38	0.216178398101243	0.0273654752205179	0.000841333380566084	0.0220872152750717	0	3.54245633922562e-05	0.0314038754472351	0.00180665273300507	0.0367352722377697	0.00123985971872897	0.1980764462078	0	0	0	0.00480002833965071	0	0	0.202309681533175	7.08491267845124e-05	0.056697013709306	0	0	0	0.191381203726664	0.00387898969145205	0	0	3.54245633922562e-05	0	0	1.77122816961281e-05	0.000265684225441921	0	0	8.85614084806405e-05	0	0	0	0	0	0	0	7.08491267845124e-05	0	0	5.31368450883843e-05	0.000309964929682242	0.000469375464947395	0	0
41_S39	0.232866542595926	0.0599200658998688	0.00254243321027957	0.0981684311153146	0.025973497676216	0	0.00171868485014899	0.0420721847637063	0.0193733410623303	0.00657981714820352	0.0743305773357334	0	0	5.08486642055913e-05	0.000579674771943741	2.03394656822365e-05	0	0.244470207767642	2.03394656822365e-05	0.0882326021295421	0	0	0	0.0846121772381039	0.000447468245009204	0	0	0	0	0	0	0.0043424759231575	0	0	6.10183970467096e-05	0	0	0	0	0	0	0	0	0	0	0	0.000437298512168085	0.000152545992616774	0	0
42_S40	0.147131902497537	0.00718630852932357	0.021998029387825	0.143501263762156	0.0101743563380885	0	0.000289165916977252	0.0136122177954847	0.0204236816176156	0.0148117208585015	0.0134515700638307	0.000535492438846763	0	0.00213125990661012	0	0	0	0.249346699224607	0.0101100972454269	0.0772180096817033	0	0	0.000642590926616116	0.0222871953048023	0.062545516857302	0.015882705736195	0	0.000246326521869511	0	0	0	0.0443601936340659	0	0	0.0230583044167416	0	0	0	0	0	4.28393951077411e-05	0	0	0	0	0	0.00183138414085593	0.00289165916977252	0.00379128646703509	0
43_S41	0.187358039087077	0.40488770664043	0.00335240316291951	0.0744573601039731	0.00789515237644087	0	0	0	0.00228352099503213	0.000607319413572374	0	0.0646430783806435	0	0.000303659706786187	0	0.244640406175224	0.000303659706786187	0	2.4292776542895e-05	0	0	0	0	0	0	6.07319413572374e-05	7.28783296286849e-05	0.000157903047528817	0	0	0	2.4292776542895e-05	0	0	0	0.000157903047528817	0	0	0	0	0	0.000182195824071712	0	0	0	0	0	0	0.000157903047528817	0
44_S42	0.156137082204155	0.353122177055104	0.000649277326106594	0.00762195121951219	0.00532125112917796	0	0.000748080397470641	0	0.000945686540198735	0.000112917795844625	0	0.177055103884372	0	0	0	0.295703477868112	0	0	4.23441734417344e-05	0	0.000141147244805781	0	0	0	0	0	0.000112917795844625	0	0	0	0	0	0	0	0	0	0	0	0	0	0	0	0	0	0	0	0	0	0.00022583559168925	0
45_S43	0.320687655970356	0.157860905951451	0.190290136371657	0.0655642660885786	0.058354969625167	0	0	0.155100703284515	0.0184517657734869	0.0171787955937587	0	0	0	0	0.000201658642333191	0	0.00233167805197751	0	0.00276020266693554	5.04146605832976e-05	0	0	0	0	0.000138640316604068	0	0	0	7.56219908749464e-05	0	0	0	0	0	0	0.00168889112954047	0.00156285447808223	0.00379370320889315	0	0	6.3018325729122e-05	0	0	0	0	0	0	0.00122255551914497	7.56219908749464e-05	0
46_S44	0.189355873835799	0.404977694294435	0.00345934100336542	0.0418564608280504	0.00449244736636143	0	0	0	0.00129920951710104	0.000172184393832668	0	0.0641621663927369	0	0.000109571886984425	0	0.280425765046568	6.26125068482429e-05	0	0	0	0	0	0	0	0	4.69593801361822e-05	0	0	0	0	0	0	0	0	0	0	0	0	0	0	0	0	0	0	0	0	0	0	9.39187602723644e-05	0
47_S45	0.126351173906193	0.311465938337098	0.000756342244865802	0.0045275487157939	0.00298334996585955	0	7.35332738063974e-05	0	0.000619780450653921	7.35332738063974e-05	0	0.201271075161511	0	0	0	0.34931456484059	3.15142602027417e-05	0	0	0	0	0	0	0	0	0	0	0	0	0	0	0	0	0	0	2.10095068018278e-05	0	0	0	0	0	0	0	0	0	0	0	0	0.000115552287410053	0
48_S46	0.609863515458073	0.093940318899984	0.000508728324539601	0	7.26754749342287e-05	8.72105699210744e-05	0.000145350949868457	0	7.26754749342287e-05	0	0	0.292082733760665	0	0	0.000159886044855303	0.000755824939315978	0	0	0	0	0	0	0	0	0	0	0	0	0	0	0	0	5.8140379947383e-05	0	0	0	0	0	0	0	0	0	0	0	0	0	0	0	0	0
49_S47	0.418813728102778	0.059523976493359	0.188291560891457	0.0259610934234702	0.136313272275909	0	0.000799450202667639	0	0	0	0	0.17010056242023	0	0	0	0.000196356190128894	0	0	0	0	0	0	0	0	0	0	0	0	0	0	0	0	0	0	0	0	0	0	0	0	0	0	0	0	0	0	0	0	0	0
50_S48	0.214640914927907	0.18389051201834	0.000560195120269583	0.000715326076651929	0.130120398858926	0.0112987046565142	0.00355077522386259	0	0	0	0	0.141806930906396	0	0	0.000112039024053917	0.312382035835251	0	0	0	0	0	0	0	0	0	0	0	0	0	0	0	0	0	0	0	0	0	0	0	0	0	0	0.000749799622514673	0	0	0	0	0	0	0
51_S49	0.335114416802029	0.049542617765239	0.0207033142401186	0.0395970476760423	0.111082613775612	0.189550027072469	0.00963209939870622	0.000142486677495654	0	0	0	0.146932261833519	0	0	0.00313470690490439	0.0941124504858796	0	0	0	0	0	0	0	0	0	0	0	0	0	0	0	0	0.000327719358240005	0	0	0	0	0	0	0	0	0	0	0	0	0	0	0	0	0
52_S50	0.441055334819265	0.000205930807248764	0.557466808799302	9.69086151758891e-05	0.000230157961042737	0.000387634460703557	7.26814613819168e-05	7.26814613819168e-05	3.63407306909584e-05	0	0.000218044384145751	0	0	0	0	6.05678844849307e-05	0	0	0	0	0	0	0	0	0	0	0	0	0	0	0	0	0	0	0	0	0	0	0	0	0	0	0	0	0	0	0	0	0	0
53_S51	0.00664350691211231	0.000179070267172839	0.0169221402478332	0.00114604970990617	0.000179070267172839	0.0128214311295752	0.000984886469450612	0.000376047561062961	0.0268247260224912	0.00884607119833823	0.648413437432849	0	0	0.00130721295036172	0.00300838048850369	0	0	0.0320893918773727	0.00449466370603825	0.0484206002435356	0.0414547668505121	0	0.000322326480911109	0	0.00429768641214813	7.16281068691354e-05	0	0.000626745935104935	0.0105293317097629	0.00118186376334073	0	0.0130363154501827	0.000143256213738271	0.0153463218967123	0.000662559988539503	0.00374256858391233	0	0.000429768641214813	0	0.000966979442733329	0	0	0	0.000411861614497529	0	0.000286512427476542	0.000519303774801232	0	0.000393954587780245	0.000376047561062961
54_S52	0.0679960833050879	0.000395435544006327	0.00120513689601928	0.000320114488005122	0.000112981584001808	0.0311452566564983	0.00542311603208677	0.079313071969269	0.0535156102888562	0	0.421044703046737	0	0	0.000414265808006628	0.0168719165442699	0	0.00015064211200241	0.0140285466802245	0	0.00956577411215305	0.00521598312808346	0.000169472376002712	0	0	0.0724776861371596	0	0	0	0.205908936843295	0	5.64907920009039e-05	0	0.000169472376002712	0.00058373818400934	0	0	0	0	0	0	0	0	0	0	0	0.000772040824012353	0	0	0	0
55_S53	0.0289942319538556	0.108682869462956	0.102130817046536	0.0944027552220418	0	0.0226241809934479	0.16343730749846	0.0423783390267122	0.0130761046088369	0.000252002016016128	0.3312426499412	0	0	0	0.000532004256034048	5.6000448003584e-05	0	0.0101080808646469	9.80007840062721e-05	0.0129781038248306	0.00200201601612813	0	0	0	0.000238001904015232	0	0	0	0.00884807078456628	0	0	0	0.00042000336002688	0	0	5.6000448003584e-05	0	0	0	0	0	0	0	0	0	0.000658005264042112	0	0	0	2.8000224001792e-05
56_S54	0.0854442587115854	0.0341230551626591	0.160794650893661	0.17521216407355	0.315722643692941	0.0335283528352835	0.00398611289700399	0.0146425356821396	0.0102867429600103	0	0.12528931464575	0.000144657322875145	0	0	0.000192876430500193	0	0	0.0026038318117526	8.03651793750804e-05	0.0146425356821396	0.000884016973125884	0	0	0	0	0	0	0	0.0054005400540054	0	0	0	0.000289314645750289	0	0	0	0	0	0	0	0	0	0	0.000192876430500193	0	0.00107689340362608	0	0	0	0
57_S55	0.00590074939517319	0.000663834306956984	0.00383548710686257	0.00333392340827285	0.249690210656753	0.0144125803977105	0.0422198619224642	0.295288251607954	0.0990145748510061	0	0.250486811825102	0	0	0	0.00399775771522983	0	0	0.000162270608367263	0	0.00172596919808816	0	0	0	0	0	0	0	0	0	0	0	0	0.00635805747329911	0	0	0	0	0	0	0	0	0	0	0	0	0.000118014987903464	0	0	0	0
58_S56	0.00312769140111509	0	0.0135873260504964	0.00191514437242192	0.333133130864421	0.000759258419835909	0.178947010561625	0.116551833552423	0.0209985948053125	0	0.325495217805177	0	0	0	0.000181315443542904	0	0	0	0	0.000135986582657178	0	0	0	0	0	0	0	0	0	0	0	0	6.79932913285889e-05	0	0	0	0	0	0	0	0	0	0	0	0	0	0	0	0	0
65_S60	0.116134050855671	0.0223928179754648	0.175954500242291	0.00434849141778673	0	0.00182356091713637	0.00011476956821138	0	0.0271748833176057	0.00209135657629626	0.000127521742457089	0	0	0.0605473233186258	0	0	0.0488918360580479	0.175865235022571	0.00307327399321584	0.00985743069193297	0.000420821750108393	0.0337550052283914	0.0014409956897651	8.92652197199623e-05	0.00192557831110204	0.00080338697747966	0	0.00251217832640465	0.00289474355377592	0	0.0291897268484277	0	0.000522839144074065	0.0740008671478487	0.00362161748578133	0.0204289831416256	0	0	0	0	0.000522839144074065	0	0	0	0	0.000140273916702798	0.00146650003825652	0	0.000930908719936749	0.00181080874289066
66_S61	0.00367356428737503	0.914283499961249	0.00148802604045571	0.00114702007285127	9.30016275284817e-05	0.00111601953034178	0.000790513833992095	0.0015190265829652	0.000449507866387662	0.00342555994729908	0	0.000217003797566457	0	0	0.000449507866387662	0	0.015438270169728	7.75013562737348e-05	9.30016275284817e-05	0	0	0.00469658219018833	0	0	0.00288305045338293	0.000542509493916143	0	3.10005425094939e-05	0	0	0	0	0.000930016275284817	0.000139502441292723	0.00491358598775479	7.75013562737348e-05	0	0	0	0	0.000232504068821204	0	0.000496008680151903	0	0	0.00248004340075951	0.000387506781368674	0	0.000124002170037976	0.000248004340075951
67_S62	0.001691403442006	0.950836539952359	0.000634276290752252	0.000747036520219319	0	0.000704751434169168	0.00828787686582942	0.00239615487617517	0.000225520458934134	0.00105712715125375	7.04751434169169e-05	0.000225520458934134	2.81900573667667e-05	0	0	0	0.0015222630978054	7.04751434169169e-05	9.86652007836836e-05	0	0	0.00319957151112803	0	0	0.00183235372883984	0.000295995602351051	0	0.000225520458934134	0	0	0	0	0.000225520458934134	0.0001691403442006	0.00235386979012502	4.22850860501501e-05	0	0	0	0	0	0	0.000380565774451351	0	0	0.000521516061285185	0	0	0	8.45701721003002e-05
68_S63	0.000104599384357909	0.608036221272526	0	0	0	0	0.0144646005797794	0	0	0	0	0	0.376976181225905	0	0	0	0	0.000104599384357909	0	0	0	8.96566151639222e-05	0	0	0	0	0	0	0	0	0	0	2.98855383879741e-05	0	0	0	0	0	0	0	0	0	0	0	0	0	0	0	0	0
69_S64	0.000255754475703325	0.967559563871315	0	0.000255754475703325	0	0	0.0026517700901871	0	0	0.000161529142549468	0	0	0.0234217256696729	0	0	0.000134607618791224	9.42253331538565e-05	8.07645712747341e-05	0	0	0	0.000403822856373671	0	0	0	0	0	0	0	0	0	0	8.07645712747341e-05	4.03822856373671e-05	0	0	0	0	0	0	0	0	0.000323058285098937	0	0	0.00022883295194508	0	0	0	0
7_S95	0.299246330821103	0.115611718705729	0.0253640845469485	0.167393891312971	0.0052020173400578	0.0690315634385448	0.0103927013090044	0	0.0359154530515102	0.00972403241344138	4.53334844449481e-05	0	0.00208534028446762	0.000238000793335978	0.00158667195557319	0	0.00346801156003853	5.66668555561852e-05	0.000929336431121437	0.036912789709299	0.000884002946676489	0.0152093840312801	0	0	0.0006120020400068	0.000816002720009067	0	0.0111747039156797	0.000102000340001133	0.00041933473111577	0	0.000759335864452882	0.00292400974669916	0	0	0.00338867796225987	0.00158667195557319	0	9.06669688898963e-05	0	0.040018133393778	0.00443134810449368	0.0006120020400068	0	0.000147333824446081	0.0189493964979883	0	0.00170000566668556	0	0.00692468974896583
70_S65	0.000269323996768112	0.486978184756262	8.07971990304336e-05	0.000228925397252895	0.000201992997576084	0.147185564233773	0.00972259628332884	0.00045785079450579	0	0	0.000403985995152168	0.000107729598707245	0.353366549959601	0	0.000565580393213035	0.000148128198222462	0	0	0	0	0	4.03985995152168e-05	0	0	0	0	0	0	0	0	0	0	0	0	0	0	0	0	0	0	0	0	6.7330999192028e-05	0	0	0	0	0	0	0
71_S66	0.00848102102896442	0.49763589472292	0.0103326279592646	6.61288189392937e-05	6.61288189392937e-05	0.112600846448882	0.0357922232508927	0	0	0	0	0	0.333785213596085	0	0.000694352598862584	4.95966142044703e-05	0	0	4.95966142044703e-05	0	0	0	0	0	0	0	0	0	0	0	0	0	0.000148789842613411	0	0	0	0	0	0	0	0	0	0	0	0	0	0	0	0	0
72_S67	0.00020875737174469	0.428722404884923	9.13313501383018e-05	0.448906633265487	0	0.0266557069046501	0.0392985752309378	0	0	0	5.21893429361724e-05	0	0.0501800532331298	0	0.00113511820886175	0	0	0	2.60946714680862e-05	0	0	0	0	0	0	0	0	0	0	0	0	0	0.000143520693074474	0	0	0	0	0	0	0	0	0	0	0	0	0	0	0	0	0
73_S68	5.48576444127489e-05	0.633276647100773	5.48576444127489e-05	0.000402289392360159	0	0.0766544151260811	0.0487501600014629	0	0	0	0	0	0.238411322617807	0	0.00117029641413864	0	0	0	7.31435258836652e-05	0	0	0	0	0	0	0	0	0	0	0	0	0	0.000420575273831075	0	0	0	0	0	0	0	0	0	0.000621719970011154	0	0	0	0	0	0	0
74_S69	0.0001341111781667	0.41365251793737	0	0.471870180379535	0	0.027841480587407	0.0244752900154228	0	0	0	0	0	0.0597465298732649	0	0.000938778247166901	0	0	0	0	0	0	0	0	0	0	0	0	0	0	0	0	0	0	0	0	0	0	0	0	0	0	0	0	0	0	0	0	0	0	0
75_S70	0.000172515418565534	0.55797236878046	0	0.178654092209491	0	0.0675397863684067	0.0332379706436263	0	0	0	0	0	0.159691772452163	0	0.00196955102862318	0	0	8.62577092827671e-05	0	0	0	0	0	0	0	0	0	0	0	0	0	0	0.000230020558087379	0	0	0	0	0	0	0	0	0	0	0	0	0	0	0	0	0
76_S71	0.337754587216867	0.374040733954699	0.112151145808439	0.0965639023872116	0	0.0398576701452508	0.0345203005921559	0	0	0	0	0	0.000464696354125176	0	0.00053108154757163	0	0	0	0	0	0	0	0	0	0	0	0	0	0	0	0	0	0	0	0	0	0	0	0.00346530709790488	0	0	0	0	0	0.00017260150296078	0	0	0	0	0
79_S73	0.0014463790838127	0.986640315332722	0.000364355036380298	0.000242903357586866	0	3.31231851254817e-05	0	8.83284936679511e-05	0	0	4.41642468339756e-05	0	0.000242903357586866	0	0	0	0	0	0	0	0.00639277472921796	0	0	0	0	0	0	0	0	0	0	0	0	0	0	0	0	0	0	0	0	0	0	0	0	0	0	0	0	0
8_S96	0.270591070675423	0.0774597818882931	0.0733506055311201	0.275218412966199	0.00177140447068747	0.0370910405494969	0.108176176417425	0	0.0208230403084895	0.00426583117430861	0	0	0.00116888594324275	6.02518527444719e-05	0.000518165933602458	6.02518527444719e-05	0.000976080014460445	0	0.000409712598662409	0.0130626016750015	0.000228957040428993	0.00938723865758872	0	0	0.000253057781526782	0.000216906669880099	0	0.00673615713683196	0.000216906669880099	0.000301259263722359	3.61511116466831e-05	0	0.00137374224257396	0	0	0.00191600891727421	0.000614568897993613	0	0	0	0.0212086521660541	0.00239802373922998	0.000397662228113514	0	0.000120503705488944	0.0131469542688438	0	0.000855576308971501	0	0.00420557932156414
80_S74	0.220643072309142	0.141367092639038	0.043539419032074	0.0300436588505381	0.0568759372055682	0.00383507836033812	0.00116777472563929	0.024390567565057	0.1002561142296	0.0196796581604894	0.0150218294252691	0.0120758522764972	3.98105020104304e-05	0.000199052510052152	0.000159242008041721	0	0.000676778534177316	6.63508366840506e-05	0.0144246718951126	0.0043260745518001	0.00264076330002521	0.000650238199503696	0	0.00666162400307868	0.00774977772469711	0.00740475337394005	0	0.00412702204174795	0.00387488886234855	0	0	0.0240455432142999	0.000358294518093873	0.0015791499130804	0.00100853271759757	0.013840784532293	0.014398131560439	0.00435261488647372	0.0111336703955837	0	0.00889101211566278	0	0	0.00138009740302825	0	0	0.00232227928394177	0.00988627466592354	0.00371564685430683	0
81_S75	0.225274301152341	0.113403539725423	0.357931300656117	0.00173126757457132	0.00552461818382312	0.000154380548050946	0.000165407730054585	0.177978717538733	0.0539890830898164	0.00117990847438937	0.000441087280145559	0.00372718751722997	0	3.30815460109169e-05	0.00111374538236754	0	0.00870044660087115	0	0.000308761096101891	0.000551359100181949	0.00101450074433479	7.71902740254728e-05	0	0.000716766830236533	0.000396978552131003	0.000132326184043668	0	0.000871147378287479	0.000308761096101891	0	0	0	0	0.000165407730054585	0	0.00235981694877874	0.0181397143959861	5.51359100181949e-05	5.51359100181949e-05	0	0.000242598004080057	0	3.30815460109169e-05	0.000804984286265645	0	3.30815460109169e-05	6.61630920218338e-05	0	0.00031978827810553	0
82_S76	0.380211588251049	0.110749040264262	0.263704133559504	0.00347067226140523	0.00312472100705294	0.000100437460940987	0.00131684671011517	0.118170252656013	0.0378537630568699	0.000200874921881975	0	0.000602624765645924	0	0	0.000412909561646282	0	0.0587224354968306	2.23194357646639e-05	0.000111597178823319	0.000223194357646639	0.000647263637175252	7.81180251763235e-05	0	0.000122756896705651	8.92777430586555e-05	0	0	8.92777430586555e-05	0.000278992947058298	0	0	0.000100437460940987	0	0	0	0.00189715203999643	0.00690786536916347	2.23194357646639e-05	0	0	0.000111597178823319	0	0	0	0	0	0	5.57985894116597e-05	0.000267833229175966	0
83_S77	0.390044090852191	0.139185223305562	0.193610303628802	0.054717164833025	0.046677886420852	0.000681530522831272	0.000556351447209202	0.13964421324951	0.0176363408765317	5.56351447209202e-05	0	0	0.00104315896351725	0	0.00011127028944184	0	0.00706566337955687	0	0.000347719654505751	0	0	0	0	0	0.00012517907562207	0	0	5.56351447209202e-05	2.78175723604601e-05	0	0	2.78175723604601e-05	0	0	0	0.00147433133510439	0.00340765261415636	0	0	0	0	0	0	0	0	0	0	0	0	0
84_S1	0.449465954606142	0.230907877169559	0.2013217623498	0.0226568758344459	0.0116822429906542	5.34045393858478e-05	0	0.00666221628838451	0.0112950600801068	0	0	0	0	0	0	0	0.000320427236315087	0	0.0198798397863818	0	0	4.00534045393858e-05	0	0	0.000333778371161549	0	0	0.00222963951935915	0.000133511348464619	0	0	5.34045393858478e-05	0	0	0	0.00212283044058745	0.00212283044058745	0.016328437917223	0	0	0.000133511348464619	0	0	0	0	0	0	0.0201201602136182	9.34579439252336e-05	0
9_S9	0.373827721854107	0.00372436693240798	0.0643313340413121	0.0509744678941622	0.000164530266090312	0.00200427778691835	0.120914788279462	0	0.00053846268902284	2.99145938346022e-05	0	0.0133419088502326	0.00212393616225676	0.11732503701931	0.000119658375338409	0	0.0013162421287225	0	0	0.000583334579774743	8.97437815038066e-05	0.000284188641428721	0.0329509251088143	0	0	0.0199530340876797	0	0.00212393616225676	0	0	0	0	7.47864845865055e-05	0	0	0.0378569184976891	0	0.0390834168449078	0	0	0.0197735465246721	7.47864845865055e-05	2.99145938346022e-05	0	0	0.000388889719849829	0.0150769552926395	0	0.00291667289887372	0
V1-V2-180_S48	0.454956249442589	0	0.0135859601835244	0.00116932407122967	0.180422740380328	0.000297285780821103	0.0652641384162596	0	0.0914451061805714	0.0325131548958013	0	0	0.000237828624656883	0.0872632861970212	0.000763033504107499	0	0	0	0	0.00108013833698334	1.98190520547402e-05	0	0.000654028717806427	0	0.0135364125533876	0.00420163903560493	0	0.0134274077670865	0	0	0.000158552416437922	0	0	0	0	0.00430073429587863	3.96381041094804e-05	0	0.000128823838355811	0	0.000128823838355811	0.00896812105476995	0	0	0	1.98190520547402e-05	4.95476301368506e-05	0.00906721631504365	0.000396381041094804	0
V1-V2-181_S49	0.650830741739833	0.0015721379357743	0.0160993797357434	0	0	0	5.15455060909606e-05	0	0	0	0	0.33041528496074	0	0	8.59091768182677e-05	0	0	0	0	0	0	0	0	0	0	0	0	0	0	0	0	0	0	0	0	0	0	0	0	0	0	0	0	0	0	0	0	0	0	0
V1-V2-183_S50	0.635159559056856	0	0	0.0521102081924918	0	0	0	0	0	0.312730232750652	0	0	0	0	0	0	0	0	0	0	0	0	0	0	0	0	0	0	0	0	0	0	0	0	0	0	0	0	0	0	0	0	0	0	0	0	0	0	0	0
V1-V2-184_S51	0.739560301704537	0	0	0.0159320067115146	0	0.00010192720829217	0.00190525473961519	0	0	0.242445625754653	0	0	0	0	0	0	0	0	0	0	0	0	0	0	0	0	0	0	0	0	0	0	0	0	0	0	0	0	0	0	0	0	0	0	0	0	0	0	0	0
V1-V2-185_S52	0.683933088188407	0	0	0.0230514166684379	0	0	0	0	0	0.293015495143155	0	0	0	0	0	0	0	0	0	0	0	0	0	0	0	0	0	0	0	0	0	0	0	0	0	0	0	0	0	0	0	0	0	0	0	0	0	0	0	0
V1-V2-186_S53	0.684137352694531	0	0	0.151432228450369	0	0	0	0	0	0.164386282385135	0	0	0	0	0	0	0	0	0	0	0	0	0	0	0	0	0	0	0	0	0	0	0	0	0	0	0	0	0	0	0	0	0	0	0	0	0	0	0	0
V1-V2-187_S54	0.936040921503019	0	0	0.0244125225952848	0	0.000211530325756702	0.000548055844006	0	0	0.0354890196530903	0	0	0.00283642936810123	0	0	0	0	0	0	0	0	0	0	0	0	0	0	0	0	0	0	0	0	0	0	0	0	0	0	0	0	0	0	0	0	0	0	0	0	0
V1-V2-188_S55	0.984506236964382	0	0	0.000652284202642959	0	0.000136899153641115	0.00438077291651567	0	0	0.00235949717746157	0	0	0.00501695133637733	0	0	0	0	0	0	0	0	0	0	0	0	0	0	0	0	0	0	0	0	0	0	0	0	0	0	0	0	0	0	0	0	0	0	0	0	0
V1-V2-S-86-2024-10_S24	0.392372012731294	0.412418406430382	0.00547014079948212	0.0397475319631008	0.0391541241840643	0.00580460700221179	0	0.000129470788153423	0	0.000172627717537897	0	0	0	0.00142417866968765	0	0	0	0	0	0	0	0.0704968441495388	0	0	0	0	0.000668932405459352	0.000183416949884016	0	0	0	0	0	0	0	0	0	0	0	0.00242757727787668	0	0.00786535038032044	0	0	0	0	0	0.0115768463073852	0	0
V1-V2-S-86-2024-11_S25	0.546016038218734	0.45185121992834	0.000102371608940454	0.00174031735198772	0	0	0	0	0	0	0	0	0	0	0	0	0	0	0	0	0	0.000290052891997953	0	0	0	0	0	0	0	0	0	0	0	0	0	0	0	0	0	0	0	0	0	0	0	0	0	0	0	0
V1-V2-S-86-2024-12_S26	0.626251390433815	0.356410504425207	0.0141219712724283	0.00210378681626928	0	0	0	0	0	0	0	0	0	0	0.000882623204526769	0	0	0	0	0	0	0	0	0	0	0	0	0	0	0	0	0	0.000120907288291338	0	0	0	0	0	0	0	0	0	0	0	0	0	0	0	0	0
V1-V2-S-86-2024-13_S27	0.00662630500071507	0.988666158173237	0	0	0	0.000405205701482576	0.000131095962244363	0	0	0	0	0	0	0	0.00246698765314392	0	0	0	0	0	0	0	0	0	0	0	0	0	0	0	0	0	0.00113219240120132	0	0	0	0	0	0	0	0	0	0	0	0	0	0	0	0	0
V1-V2-S-86-2024-21_S35	0.268477192816299	0.0231564242503167	0.0714936840734471	0.00732813221418509	0.142987368146894	0	0.000189418603274574	0	0.000982609004486853	0.0136026234476554	0	0.017734316731582	0.00175212208028981	0.00120754359587541	0.0308870709964602	0.00264002178313938	0.0677171506706602	0	0	0	0	0	0.021854171352804	0	0	0.00100628632989617	0.148788312872178	0.00174028341758515	0	0	0	0	0.10736483206857	0	0	0.00333850288271437	0.000378837206549148	0	0	0	0.000260450579502539	0	0	0	0	0	0.00139696219914998	0.0236891640720264	0	0
V1-V2-S-86-2024-22_S36	0.378929032458746	0.067063782136025	0.00597228486554583	0.0168592624850304	0.112649112711324	0.00138420144019161	0.000559901706144921	0	0.000279950853072461	0.154315131343609	0	0.00699877132681152	0.000855405384388074	0.000435479104779383	0.0120067810317744	0.00388820629267306	0.00368601956545406	0	0	0	0	0	0.0241379846649144	0	0	0.000202186727218999	0.105028228377685	0.000668771482339767	0	0	0	0	0.0641398510039349	0	0	0.000839852559217382	0	0	0	0	0	0	0	0	0	0	0.0101871004868034	0.00494579840428014	0	0
V1-V2-S-86-2024-23_S37	0.324232258064516	0.384412903225806	0.000632258064516129	0.0043741935483871	0.154348387096774	0.00129032258064516	0.000774193548387097	0	0	0.036541935483871	0	0.0113161290322581	0	0	0.00273548387096774	0.0173935483870968	0.00512258064516129	0	0	0	0	0	8e-04	0	0	0	0.0240129032258065	0	0	0	0	0	0.0150193548387097	0	0	0	0	0	0	0	0	0	0.000348387096774194	0	9.03225806451613e-05	0	0.00174193548387097	0.00649032258064516	0	0
V1-V2-S-86-2024-24_S38	0.139868206304991	0.596016738044692	0	0.179234516695095	0.0146396534586641	0.000294511050300033	0.00549753960560062	0	0	4.90851750500055e-05	0	0.0630376360579696	0	0	0.000380410106637543	0	0	0	0	0	0	0	0	0	0	0	2.45425875250028e-05	0	0	0	0	0	8.58990563375097e-05	0	0	0	0	0	0	0	0	0	0.000208611993962523	0	0	0	0	0	0	0
V1-V2-S-86-2024-28_S39	0.436199226305609	6.2862669245648e-05	0	0.00724854932301741	0.141310444874275	0	0.0460058027079304	0	0.36742746615087	0	0	0	0	0	0.000207930367504836	0	0	0	0	8.22050290135396e-05	6.2862669245648e-05	0	0	0	0	0	0	0	0	0	0	0	0	0	0	0	0	0	0	0	0	0	9.67117988394584e-05	0	0	0	0	0	0	0
V1-V2-S-86-2024-29_S40	0.277670426944459	0.00152210287688239	0	0.0185567010309278	0.142343606628164	0	0.0216332919522859	0	0.338284665623145	0	0	0	9.71555027797269e-05	0	0.159518540508447	0	0	0	0	0	0	0	0	0	0	0	0	0	0	0	0	0	0.00238570734603552	0	0	0	0	0	0	0	0	0	0	0	0	0	0	0	0	0
V1-V2-S-86-2024-30_S41	0.150784446729831	0.0593203649810726	0	0.22829916194394	0.110566508391501	0	0.00231942408262401	0	0.245082164504059	0	0	0	0	0	0.00133476291547231	0	0	0	0	0	0	0	0	0	0	0	0	0	0	0	0	0	0	0	0	0	0	0	0	0	0	0	0	0	0	0	0	0	0	0
V1-V2-S-86-2024-31_S42	0.248943304317435	0.0829847420788781	0.121615570288011	0.108170687753252	0.104631985932568	0.00872661344051377	0	0.053506482159045	0.0736465011631844	0.00676066798457825	0	0	0	0.0484714774080101	0	0	0.0427156259897989	0	0	0	0.00139800565755415	0.0130844592011708	0.00309090313349862	0	0.000229360303192477	0.0117301412204153	0	0.000425954848786029	7.64534343974923e-05	0	0	0	0	0	3.27657575989253e-05	5.46095959982088e-05	0.00110311383916382	0.0080822202077349	0	0	3.27657575989253e-05	0	0	0	0	0	0.0354197839644382	6.55315151978506e-05	0.00771087495494708	0
V1-V2-S-86-2024-32_S43	0.162746030906944	0.167186481295484	0.154763792708499	0.091945516378566	0.159750488978168	0.0179380099029092	0.000264312523127346	0.0258673855967296	0.0918221705344399	0.00486335042554316	0	0	0	0.0559461507286215	0	0	0.00577963383905129	0	0	0	0.000651970890380786	0.0039999295166605	0.000370037532378284	0	0.000105725009250938	0.0144314637627531	0	0.000105725009250938	0	0	0	0	0	0	0	0.000211450018501877	0	0.00555056298567426	0	0	0	0	0	0	0	0	0.0165988264523973	0.000105725009250938	0.00477524625116738	0
V1-V2-S-86-2024-33_S44	0.341152374279092	0.193230205357624	0.0246429148924702	0.0995202932140355	0.091758745216407	0.0148331806176899	0.00024793833881313	0.108392173772436	0.100533606424837	0.000506656605400744	0	0	0	0.0049587667762626	0	0	0.000280278122136582	0	0	0	0.000258718266587614	0.00115345227186978	0	0	0	0.00521748504285021	0	3.23397833234517e-05	0	0	0	0	0.000107799277744839	0	0.000107799277744839	0	0.000549776316498679	0	0	0	0	0	0	0	0	0	0.00577804128712338	0	0.000258718266587614	0
V1-V2-S-86-2024-34_S45	0.237880768512517	0.140432590379313	0.155020706776663	0.0174222534685224	0.0984368305998923	0.107301747717861	0.00728307317126756	0.115683323629892	0	0	0	0	0	0.0364812760207837	0.000450386123713379	0	6.59101644458603e-05	0	0	0	0	0.0584073907264399	0	0	0	0.0079751298979491	0	0.000131820328891721	0	0	0	0	0.000109850274076434	0	0	0	0	0	0	0	0	0	0	0	0	0	0	0	0	0
V1-V2-S-86-2024-35_S46	0.246837178332224	0.23551760604755	0.114057420390897	0.048124502239108	0.101523637930359	0	0.00142310655020694	0.0520935333516118	0	0	0	0	0	0.0513101719478281	0	0	0.000430848772081	0	0	0	0	0.0597965871554842	0	0	0	0.0718995208439414	0	0	0	0	0	0	0	0	0	0	0	0	0	0	0	0	0	0	0	0	0	0	0	0
V1-V2-S-86-2024-38_S49	0.148536238495183	0.0843373493975904	0.062884052915448	0.0113236912013309	0.000469584350766093	0.0476561032548904	0	0.0070437652614914	0.00088550191858749	0.0174819545442348	0.0014490031395068	0.00120750261625567	0	0.00794268387581506	0	0.00081841843990662	0.00613142995143156	0.0128934446024633	0.014409531220651	0.0254514718115223	0.000308584001932004	0.000322000697668178	0.000697668178281053	0.00532642820726112	0.0154023667051279	0.000550084525183138	0	0.0419405908712802	0.000322000697668178	0.00233450505809429	0	0.000966002093004535	0	0	0	0.0365604958810744	0.0462607668983283	0.000335417393404352	0.00190517079453672	0	0.00456167655029919	0.000576917916655486	0	0.000187833740306437	0	0.0127592776451016	0.00022808382751496	0.00635951377894652	0.000214667131778786	0.000684251482544879
V1-V2-S-86-2024-39_S50	0.271940004379242	0.0150317495073352	0.345894460258375	0.00428070943726735	0.000383183709218305	0.00578059995620758	0.000251806437486315	0.000678782570615284	0.00298883293190278	0.000372235603240639	8.75848478213269e-05	0.205167506021458	0	0.0609918984015765	0	0.00883512152397635	0.0134223779286183	0.0229910225530983	0.00985329537989928	0.00136851324720823	0	0	0.000941537114079264	0.000744471206481279	0.000437924239106635	0	0	0.00163126779067221	0	0	0.000142325377709656	0.000372235603240639	0	0	0	0.00106196627983359	0.00713816509743814	0.00338296474709875	0.000744471206481279	0	0.000120429165754324	0	2.18962119553317e-05	0	0.000218962119553317	0.00147799430698489	0	8.75848478213269e-05	0.000109481059776659	0
V1-V2-S-86-2024-40_S51	0.293284433003021	0.00530145407953357	0.360205005230925	0.00952145854639066	0.000105793983848785	0.00327961349931234	0	0.000881616532073209	0.00118724359652526	0	0.000176323306414642	0.0962255057540172	0	0.0680137767276745	0	0.0132242479810981	0.0778526172256115	0.00412596537010262	0.00399666161206522	0.00064651879018702	7.05293225658568e-05	0	0.00879265554654348	0.00287994733810582	0.000293872177357736	0	0	0.00518390520859047	0	0.000188078193508951	2.35097741886189e-05	0	0	0	0	0.00268011425750256	0.0106499277074444	0.0147994028517356	0.00103443006429923	0	0.000129303758037404	2.35097741886189e-05	0	0	5.87744354715473e-05	0.000552479693432545	3.52646612829284e-05	7.05293225658568e-05	5.87744354715473e-05	0
V1-V2-S-86-2024-41_S52	0.484203197456748	0.0150414460806852	0.0855983080015238	0.035718508203828	0.00115602380358105	0.0135175965214193	0.000761924779632962	0.00116916043771265	0.00147130302273951	0.000538601999395715	0	0.0725930402112371	0	0.0152779054950541	0	0.0100101152082813	0.208806799521827	0.0163813827621087	0.00174717233950317	0.00198363175387202	0	0.000249596048500453	0.00270614663111018	6.5683170658014e-05	0	0.00023645941436885	0	0.00156325946166073	0	0	0	0.000131366341316028	0	0	0	0.000617421804185332	0.0146079371543423	0	0.000472918828737701	0	0	5.25465365264112e-05	0	0	0.000275869316763659	0.00195735848560882	0	0.000105093073052822	0	0
V1-V2-S-86-2024-42_S53	0.487404856832186	0.00713250142391136	0.0506394656449024	0.0980039351731994	0	0.00488013255320251	0.000427173406513747	0.000207114378915756	0.000491896649924921	0.000116501838140113	0	0.0137213276031689	0	0.00546264174390307	0	0.000608398488065034	0.261520737327189	0.00656293688189303	0.000595453839382799	0.00116501838140113	0	0	0.00120385232744783	0.000129446486822348	0.000129446486822348	0	0	0.000789623569616321	0	0	0	0.000129446486822348	0	0	0	0.00054367524465386	0.00833635375135919	0.000129446486822348	5.17785947289391e-05	0	6.47232434111738e-05	0	0.000129446486822348	0	0.000129446486822348	0.000970848651167607	0	0	0	0
V1-V2-S-86-2024-43_S54	0.478435223831737	0.00488700267732922	0.0693299662118714	0.084119579577473	0	0.00437258134287351	0.000280593455157658	0.000420890182736488	0.000257210667227854	0	0	0.00664071177206458	0	0.00458302643424175	0	0.000268902061192756	0.27623256520875	0.00296961406708522	0.000397507394806683	0.000771632001683561	0	0	0.000935311517192195	0.000257210667227854	8.1839757754317e-05	0	0	0.00102884266891141	0	0	0.000163679515508634	0.000245519273262951	0	0	0	0.000222136485333146	0.00512083055662727	0	5.84569698245122e-05	0	4.67655758596097e-05	2.33827879298049e-05	0	0	0.000151988121543732	0.000701483637894146	0	0	0	0
V1-V2-S-86-2024-44_S55	0.0240952289526735	0.254926699488474	0.019405093322728	0.0197616533413788	0.0173480162920501	0.0421975068226388	5.48553874847433e-05	0.000452556946749133	0.0333383617438528	0.0305681646758732	0	0.0185685486635856	0.152909392613722	0.000150852315583044	0	9.59969280983009e-05	0.000137138468711858	0	8.2283081227115e-05	0.00235878166184396	0.000287990784294903	0	0	0	0.00519754796417943	0.0311167185507207	0.225016799462417	0.000562267721718619	0	0	0	0.0603546400800889	0	2.74276937423717e-05	0	0.000411415406135575	0.00277019706797954	0	4.11415406135575e-05	0	0.000260563090552531	0	0	0.000795403118528778	0	0.000973683127854194	0.000315418478037274	0.00341474787092527	0.0149755207833349	0
V1-V2-S-86-2024-45_S56	0.11045177045177	0.133638583638584	0.36023199023199	0	0.173992673992674	0	0.0311355311355311	0	0	0.135616605616606	0	0	0.0503174603174603	0	0	0	0	0	0	0	0	0	0	0	0	0	0	0	0	0	0	0	0	0	0	0.00271062271062271	0	0	0	0	0	0	0	0	0	0	0	0	0	0
V1-V2-S-86-2024-46_S57	0.036083589842247	0.613324836475568	0.0752212389380531	7.21431319738361e-05	0.0375264524817237	0.000456906502500962	0.00750288572527895	0	4.80954213158907e-05	0.0940385725278953	0	0	0.129424778761062	0	0	0	0	0	0	0	0	0	0	0	0	0	0	0	0	0	0	0	0	0	0	0.00298191612158523	0	0	0	0	0	0	0	0	0	0	0	0	0	0
V1-V2-S-86-2024-47_S58	0.118739448508723	0.131178484336897	0.290963233914838	0	0.224992965672482	0	0.114507128118552	0	0	0.0864518851997749	0	0	0.0330965109735509	0	0	0	0	0	0	0	0	0	0	0	0	0	0	0	0	0	0	0	0	0	0	3.51716375914463e-05	0	0	0	0	0	0	0	0	0	0	0	0	0	0
V1-V2-S-86-2024-8_S22	0.194104324032238	0.312282275031904	0.0887570563009462	0.0192575219305809	0.0107842122811253	0.0410328929971602	0	0.0225111808597478	0	0.0154060175444648	0	0.000413893008657262	0	0.0395957644948781	0	0	0.000528863288839835	0	0.0136584692856896	0	0.000965750353533612	0.00318467676105727	0	0.00842732153738259	0.00388599547017096	0.00219593235148714	0.0148886512836432	0.00530012991641661	0	0	0	0	0	0.00177054231481162	0	0	0.0478506306119868	0.00538060911254441	0	0.00162108095057428	0.000666827625058922	0.00431138550684648	0	0	0	0.00119569091389876	0	0.0362386323135469	0.00409294197449959	0
